N,P,K,temperature,humidity,ph,rainfall,label
-1.3716284564330845,-1.0729095690582617,-0.6735100152224687,0.8194810872614338,0.9243951608582498,0.9375445570349001,0.19943959763480662,16
-1.1274106295604163,2.0845129770111335,3.0152608063514332,0.7832508467133202,0.4266126347101237,-1.1538459536721262,-0.6436768732084344,7
-1.07314000136649,0.5361615361501801,-0.47624954348054876,-0.879968231099127,-2.1862906911528666,-1.1074517544176787,0.6940009359400081,9
-0.3404865207484852,-0.46571292558337807,-0.5946058265257007,0.13804260306875374,-0.4592368764142298,-0.2294819265456139,-1.2317435374406123,13
-0.883192802687748,-1.255068562100727,-0.7918662982676206,-2.5632319181843326,0.9158422482464996,-0.3419590742699557,0.2899409733470939,16
1.3419029532632294,-0.22283426819342456,-0.5946058265257007,-0.280284902661934,0.20764902598866594,-0.05381491545131266,-0.6251892438270892,6
0.8806026136148561,0.7790401935401337,0.13525791891940284,-0.09095013185857535,0.5355954756246817,-1.160565555090151,-0.08703269590315613,1
-1.2088165718513058,-1.2247087299269828,-0.7721402510934285,1.7532894754406563,0.8594920179495007,1.676604465932978,0.2705787818941266,16
-0.3947571489424115,2.4184711309223195,2.956082664828857,-0.01772264042498168,0.5641768410164447,-0.3131080273361298,-0.6235113613073252,7
-1.3173578282391583,0.7790401935401337,-0.6537839680482767,-0.8020650538319855,-0.26687402767980306,1.3171953685104252,-1.2314336297848052,10
-0.5304337194272272,-0.8603907438420525,-0.7129621095708526,-1.488106509689706,0.836065282436794,0.6929821516129748,0.15147790103074188,16
-0.8017868603968585,-0.07103510732470363,-0.6537839680482767,0.7394227995490975,0.7978601344810573,0.26217043403487517,-1.0031468974733424,14
1.8032032929116029,-0.6478719186258433,-0.2789890717386289,0.13054117900325857,-0.8659844170925363,0.3639049995721863,0.4315205877103594,5
-1.1816812577543425,0.29328287876022663,-0.47624954348054876,-1.1915707155683817,-0.31264807726936905,0.4403843648342346,-0.9168362257496577,10
1.2062263827784139,-0.4960727577571223,-0.2592630245644369,0.3354570262980282,-0.1343878932962806,-0.16025777910682484,1.6184448165728895,5
1.0976851263905611,-0.9818300725370293,-0.4367974491321648,0.14262275101818075,-0.6308587826683045,1.005638824128965,1.6043685147549749,5
1.6675267224267871,1.0219188509300872,-0.0028244112999410795,0.3126067440526222,0.26848197291297793,-0.34954718277674557,-0.07243185317895472,1
-0.8289221744938218,-0.4049932612358897,-0.6537839680482767,0.780457190056787,0.7478639375550435,0.9266950594670629,-1.0623884550416056,14
0.9348732418087824,-1.3461480586219596,0.09580582457101885,0.5112860642167777,0.9630396897710748,-0.033416378466386724,-1.3581144613203713,15
-0.5575690335241903,2.0845129770111335,2.936356617654665,-0.8331606514267048,0.9564155425616706,-1.1500776315431822,0.0489315951819965,0
-0.9917340590756005,2.0541531448373895,3.0547129006998173,-3.1276191991431896,0.5535880009885993,-0.40244382602833767,-0.5272656537982846,7
1.043414498196635,-1.285428394274471,-0.02255045847413307,0.8225616017163544,1.0431963067951846,-0.18645545323910345,-1.3748596660886219,15
1.0976851263905611,0.9308393544088546,0.07607977739682686,0.696773642975256,0.32743663458622113,-0.10610625740601426,0.2562015705485808,1
-0.2590805784575958,0.26292304658648247,-0.6537839680482767,0.7431870784221175,-0.3262689565254167,1.1303545099314236,-0.6950116129897579,2
-0.5847043476211534,-0.37463342906214553,-0.5354276850031248,1.1586247949984425,-0.3846368826262718,3.0597174913152743,-0.707268880870872,13
-0.4218924630393746,0.6272410326714127,-0.5157016378289327,0.2192573475019321,-0.37928323995181235,0.5428336104372359,-1.1018944700492193,10
1.3147676391662664,-0.7389514151470757,0.13525791891940284,0.7057351488790076,0.8999371962428029,0.23896342147385366,-1.400025497423744,15
-0.9917340590756005,0.17184355006524987,-0.5157016378289327,-0.3508957098363812,-0.1579658205478978,0.37388386379879035,-1.028509189728929,10
-0.7203809181059692,-0.7996710794945642,-0.7721402510934285,-1.3271653960357759,0.9800499168780928,-0.4044287293178049,0.28997782149049384,16
-1.3716284564330845,0.05040422137027313,-0.4565234963063568,0.5051233951969384,-1.2457983426869512,-2.489769710789662,-1.0489818121155954,13
-0.6118396617181167,0.6576008648451569,-0.5354276850031248,-0.16444697739561076,-0.9369706772710826,-0.5955065833195301,0.1970014885142203,18
0.9620085559057455,-0.5264325899308665,-0.47624954348054876,0.18516797423487089,0.0662241996946,-0.8767590470812866,-0.547778798229034,11
-0.23194526436063265,0.5968812004976685,-0.4565234963063568,1.6592838576876803,-0.18880890385969581,0.0358067000995417,-0.5496091010622116,2
-1.1274106295604163,0.7183205291926452,-0.6143318736998927,-1.0800855516686017,-2.1084532438500707,-0.8816666395455802,0.049231708012678364,9
2.0474211197842713,-0.46571292558337807,-0.4959755906547408,-0.048626685772924755,0.5484298320846902,-0.3794228088385236,-0.27312155137865507,6
0.31076101757863017,-0.3442735968884013,-0.23953697739024493,-0.5568244402372107,0.47814454709304516,-0.05595941793271069,2.642318790236252,20
-0.3404865207484852,0.20220338223899406,-0.5551537321773167,0.8345898632650962,-0.48387335280136856,1.2992320303914744,-1.0303776954541095,10
1.830338607008566,-0.9818300725370293,0.05635373022263488,-0.23221828949710005,0.669926937837795,0.26175873281395645,-0.9980388518791165,21
2.0474211197842713,-0.22283426819342456,-0.4565234963063568,-0.23054772425043693,0.4615707015488433,0.3622006658312236,-0.7758724443046237,6
-0.4761630912333009,0.6576008648451569,-0.5354276850031248,1.4643781156036577,-0.11124855147313996,0.27689146062167086,-0.7484732682432962,2
-1.1274106295604163,0.20220338223899406,-0.4959755906547408,1.2523252794416153,-0.6394304355457455,-0.2526293159225901,-0.7129598499786854,13
-1.1274106295604163,2.5399104596172966,2.995534759177241,-0.8836291456327499,0.8651649706340717,-1.0690552782263598,-0.011820756274026194,0
1.0705498122935981,-0.16211460384593618,-0.06200255282251704,-0.3041295404802797,-0.004639088910358706,0.04513599994411082,0.9128806721088918,8
-0.8017868603968585,-0.7389514151470757,-0.7129621095708526,-0.6509679886814912,0.9312492266108584,-0.04490191668435006,0.25314628140071926,16
-0.6118396617181167,0.8094000257138778,-0.6143318736998927,-1.1788573034821659,-2.3679570552309936,-0.8484713459497316,0.7404034984322548,9
0.25649038938470387,-0.28355393254091293,-0.4959755906547408,-0.1604081720674482,-0.06155894013995859,-0.9593682015432455,-0.4860758905441405,11
1.3690382673601926,0.505801703976436,-0.0028244112999410795,-0.04899003215862785,0.16230088589624075,-0.5888807311183855,0.23830980336669738,1
-1.3716284564330845,-0.8603907438420525,-0.6735100152224687,-1.23534760823335,0.9231645993120412,-0.14322993716111707,0.23644132165156193,16
-1.3444931423361215,-0.7389514151470757,-0.37761930760958884,0.338694575870806,-0.9927626700572971,-0.5386559763046799,-0.180432147353698,12
1.8032032929116029,-0.4960727577571223,-0.3184411660870129,-0.4927163522119965,-0.19549067302012094,0.4007681770047713,1.0754566779876764,5
-1.3173578282391583,-0.4353530934096339,-0.6537839680482767,0.48490283933388645,0.516055877420788,0.006036384193731334,-0.9791903329672651,14
-0.2862158925545589,2.7220694526597615,3.0152608063514332,-0.12539022483015996,0.5078240117831427,0.0037384824938124965,-0.6684874390023178,7
-1.3173578282391583,-0.07103510732470363,-0.6143318736998927,0.052651549871654484,-1.1427123162978607,-0.8113237168019766,-1.1808402656267274,13
0.3378963316755933,-0.19247443601968037,-0.2592630245644369,0.27100457424065083,0.7918974167851802,1.2245910485529496,1.644802341930591,8
0.25649038938470387,-0.16211460384593618,-0.18035883586766896,-0.26133765692707034,0.3988190536467918,0.7259509041824663,2.3216030108251418,20
-0.503298405330264,-0.8603907438420525,-0.2592630245644369,-1.4787328124436485,0.6415902751611814,-0.7418468186037169,0.06463627280759318,19
1.3961735814571559,-0.7693112473208199,0.11553187174521085,-0.08922714412845631,0.39769648196690577,0.49590440008907305,-0.8722954026972414,21
-0.7203809181059692,0.23256321441273825,-0.6143318736998927,-0.5852154255627876,-0.26807847460763257,-0.3072035008570377,-1.1849953860009699,10
-0.5304337194272272,0.26292304658648247,0.07607977739682686,1.6118769329924887,0.969304951666695,0.6604929398498692,1.4292382602020146,17
-0.4761630912333009,0.20220338223899406,-0.6537839680482767,0.6580748045464243,0.46035118761440547,0.04726370694656338,-0.853821884856093,14
1.7760679788146398,-1.4675873873169363,0.11553187174521085,-0.045953867616940355,0.4299254439094246,0.23006564105562824,-0.840739106334054,21
0.7177907290330773,0.14148371789150568,-0.5748797793515087,-0.5520468293444696,-0.6693337337932731,-0.8711636968663198,-0.03376522625452387,11
-1.3444931423361215,-1.4372275551431921,-0.2592630245644369,0.27826402399819367,1.091050091747715,-0.30925476365592947,0.7951809701828432,4
-0.5847043476211534,2.600630123964785,3.0941649950482013,-0.387480546891644,1.0023953593077863,-0.4059555944069162,0.2408212558991789,0
-0.5847043476211534,0.4450820396289476,-0.4959755906547408,-0.2846200618875528,-2.340689564600731,-0.825535012351413,0.24157092953951392,9
1.1790910686814506,-0.4353530934096339,-0.5946058265257007,-0.3383122602239842,-0.625334157011546,-0.7416178358988511,-0.011302832317885805,11
-0.44902777713633774,0.3843623752814592,-0.5748797793515087,1.4493011986874982,-0.5044127769303485,1.4210924745568196,-0.5457702082605619,2
0.17508444709381446,0.4450820396289476,0.6481351454483945,-1.661626999261451,-2.4293335879325983,2.0525232586460045,-0.5577851358448772,3
1.2876323250693031,-0.19247443601968037,-0.21981093021605294,-0.4185127078668539,0.4451677922967738,1.1514360924318248,2.193763739543196,20
0.25649038938470387,-0.31391376471465715,-0.08172859999670903,-0.903726645991821,0.5178772455627737,1.2034906554226152,3.546033682135784,20
-0.014862751584927517,0.08076405354401732,0.5495049095774346,-0.9085358166962919,-2.3146035794154844,1.9063159607525442,-0.5446687763645098,3
-0.7203809181059692,-0.7996710794945642,-0.2789890717386289,0.6436832685313291,1.0638373026883303,-0.345377101093821,0.7568024738033468,4
-1.100275315463453,0.08076405354401732,-0.5946058265257007,0.4699554792941167,-0.12453266757557907,1.0896622250899088,-1.0430861766544177,10
-0.4218924630393746,-0.46571292558337807,-0.5748797793515087,-0.05562617908011666,-0.36970345658481363,3.3700034574590365,-1.286725546035836,13
0.7449260431300404,-0.5567924221046107,-0.08172859999670903,0.18391119515536236,0.5951548009964716,0.764717087789227,1.4582587414765422,20
-1.2088165718513058,-0.19247443601968037,-0.5946058265257007,0.6994265592922633,0.3979268041106864,0.3083339687379078,-1.151138511874257,14
-0.6118396617181167,0.505801703976436,-0.5354276850031248,-0.04312430771211395,-0.490147803232022,1.2304724276132926,-1.1689953415302659,10
1.7217973506207134,1.2344376761462965,0.09580582457101885,0.14295130462622568,0.24406560609352326,-0.3614920081289464,0.27710204739090416,1
-0.6118396617181167,2.114872809184878,3.0349868535256252,-0.5597596799308442,0.9296561401625762,-0.040278683989173045,0.30893661326438326,0
0.28362570348166705,-0.37463342906214553,-0.6143318736998927,-0.0920170421175369,-0.2763209609113884,-0.5771249404652401,-0.486876964052232,11
-1.1816812577543425,-0.9211104081895409,-0.2592630245644369,-1.1534963278557118,0.7766796866861526,0.741294087565443,-0.01633022107686983,19
-0.7746515462998954,2.5702702917910405,2.896904523306281,0.4381755896108544,0.5431183299794123,-0.3392213690597546,-0.5533726456132039,7
-0.8289221744938218,0.5968812004976685,-0.5157016378289327,-1.8845952793846625,-2.2036323605302566,-0.6353442857911396,0.4899957246318563,9
-0.4218924630393746,2.357751466574831,3.0547129006998173,-0.6264410237563288,1.0101445572653551,-0.7411098799311183,-0.013251289310393025,0
-0.6118396617181167,0.4450820396289476,-0.5748797793515087,1.7778163241995637,-0.45032590454549226,1.5652241426704132,-0.5642342172143938,2
0.03940787660899876,-0.07103510732470363,0.09580582457101885,2.5148823660610646,0.9736257409593432,0.6538051964620507,1.9430300803114733,17
-1.1545459436573795,-0.10139493949844781,-0.5354276850031248,0.5945552364242039,0.7945429103673332,-0.3255226689226236,-0.9631749169746807,14
-1.100275315463453,-0.4960727577571223,-0.5157016378289327,0.6139322559531014,0.7951174548678093,0.76100373407541,-0.8171027070479596,14
0.9891438700027086,-0.7693112473208199,-0.2592630245644369,0.18721835981724888,-0.639950711706219,0.3644405329705652,0.884188695543333,5
0.3650316457725564,-0.5567924221046107,-0.4959755906547408,-0.5097583670216755,-0.42748627184129445,-1.0132827884826654,-0.7350921931049689,11
-1.1545459436573795,-0.4960727577571223,-0.2987151189128209,0.4860509675249626,-0.7386343299016914,-0.44142084193377,-0.10909752860334058,12
-0.8560574885907849,-0.46571292558337807,-0.4367974491321648,1.1567615276559764,-1.0162967274077863,-2.487789332012203,-0.18697586540719438,12
1.9117445492994554,-0.19247443601968037,-0.6340579208740846,-0.3945259632788026,0.35372154322703275,1.5955320786391871,-0.5630279361799679,6
-1.0188693731725638,0.5968812004976685,-0.5551537321773167,0.9637466630734988,-1.612961293736601,-1.3820894135519226,1.0757442837676134,18
0.5549788444512984,0.08076405354401732,-0.21981093021605294,-0.4766247585040527,0.66408840431301,0.02257276554895124,1.3214999130723837,8
-0.8017868603968585,-1.3461480586219596,-0.16063278869347697,-0.21617402467769353,0.8632394659113546,-0.6607708300895297,0.03946024538856196,19
0.9620085559057455,1.2647975083200407,0.01690163587425091,0.48148594284672497,0.297616905003071,-0.019302743672153136,0.08993086073777729,1
-1.1816812577543425,0.08076405354401732,-0.5946058265257007,-1.4364909859497035,-2.1139352544039327,-0.9902831564122556,-0.4967542058401796,9
-0.9645987449786374,-1.285428394274471,-0.20008488304186095,-0.488553315934872,0.9547475430876214,0.20025830537037867,0.10807113734288623,19
-1.2359518859482688,0.354002543107715,-0.5748797793515087,-1.4429596152255637,-0.14873996705179018,0.6443010471510983,-0.9940350926478907,10
-1.1274106295604163,-1.3765078907957038,-0.6537839680482767,-2.218225012124614,1.029903601946778,1.9418944168566965,0.12315556820363395,16
-0.17767463616670637,0.6879606970189011,-0.5157016378289327,0.3258916822970557,-0.15283992487494347,1.6620219994934335,-0.628154551511299,2
1.8574739211055291,-1.4675873873169363,0.13525791891940284,0.8031337033369408,1.0273791449899554,-0.3895859648803041,-1.393534674590886,15
0.8263319854209298,-0.010315442977215249,-0.121180694345093,-0.3807211692323339,0.4318360751203589,-1.655038138631986,2.369207705343269,20
0.9077379277118193,-0.4353530934096339,-0.2592630245644369,-0.4788934913595858,-0.8654795289335677,0.6200917102379427,0.25210122236205984,5
0.6906554149361142,-0.28355393254091293,-0.06200255282251704,-0.023910716382905935,0.5865720174526361,0.3411165318278619,1.1883753378549697,8
-0.7746515462998954,-0.4960727577571223,-0.5551537321773167,0.3973447952309279,0.6768685781813019,0.1684436749777922,-1.1675832713090806,14
1.4504442096510821,-1.0729095690582617,-0.3578932604353969,-0.3950427396906365,-0.4947490814568802,0.390773754739847,0.6818389259118427,5
-0.9374634308816743,-1.3157882264482152,-0.14090674151928498,-0.1643584390205491,0.6383679380367819,0.3386216254939621,0.041981040011304274,19
-0.44902777713633774,0.20220338223899406,-0.4959755906547408,-1.0796902536561748,-2.08521262701469,-1.0402358249778398,-0.061878098722603206,9
-0.44902777713633774,0.20220338223899406,-0.5157016378289327,-1.5648830199890449,-2.3912429233679178,-1.0709141400790465,-0.05057413676620226,9
-0.883192802687748,0.14148371789150568,-0.6340579208740846,-0.8138196532812745,-1.464299019302675,-1.929805658795276,1.3993244179000532,18
-1.3716284564330845,-1.4675873873169363,-0.23953697739024493,-0.24758594101427214,0.8740651525848441,-0.4098287592993947,0.03779026672098074,19
2.2373683184630133,-0.19247443601968037,-0.47624954348054876,-0.23767226954604936,0.34930341975179796,0.9673421068506867,-0.23008452019365971,6
0.22935507528774074,0.26292304658648247,0.07607977739682686,3.557066598391891,0.9738540890967453,0.17219126327186957,0.006766028954704457,17
-1.2359518859482688,0.354002543107715,-0.6340579208740846,-0.8430222331588794,-2.3763289339041576,-0.7752659574187412,0.10276547034268455,9
1.6675267224267871,-0.8603907438420525,0.05635373022263488,-0.11064141851514404,0.6352541223282966,0.5857819078895284,-0.8499305506600353,21
1.1790910686814506,-0.10139493949844781,-0.5748797793515087,-0.4540044637842782,0.09915925343777855,-0.7669676742028383,-0.10660418455598174,11
-1.2088165718513058,0.29328287876022663,-0.4959755906547408,0.08011403604594718,-0.9638697694660794,-0.7243731366339693,1.0346538637119627,18
-1.2359518859482688,0.17184355006524987,-0.6537839680482767,-1.325964792200416,-2.3001362235977,-0.6404790999379849,0.558953519901649,9
-0.5304337194272272,-1.4372275551431921,-0.4367974491321648,0.6928986478171782,0.8930610671416713,-0.935375956922511,0.978359595562351,4
1.4775795237480451,0.7183205291926452,0.07607977739682686,0.6995288308813008,0.21301283005961535,-0.8392730436895836,-0.06264479039184777,1
-0.883192802687748,2.175592473532366,3.0547129006998173,-0.6234253123510973,0.9057702979952045,-0.4004285601090501,-0.016279705397212605,0
-0.36762183484544836,-0.5264325899308665,-0.4367974491321648,1.434080763286306,-0.8441726800825368,-2.328398469403621,-0.16297684222862663,12
-0.36762183484544836,0.5968812004976685,-0.5354276850031248,0.7666261759084523,-0.3569834860950327,-1.1667004664514131,1.5655513712226727,18
-0.4218924630393746,0.3843623752814592,-0.02255045847413307,1.1995500896418778,0.9089121004181797,0.6124742683863095,-0.9933880388496241,17
1.8846092352024923,-1.1336292334057503,0.05635373022263488,0.47049481755526174,0.9079966310540352,0.09349338406417543,-1.4581629125073832,15
-0.8289221744938218,0.20220338223899406,0.5889570039258185,-1.4642971391586335,-2.546225897536356,-0.14697306096352725,-0.23056044476036883,3
-0.3947571489424115,0.08076405354401732,0.6875872397967785,-1.3214614439275962,-2.3190167402647233,1.2500074315354959,-0.6249244514097428,3
-1.0460046872695268,-1.0425497368845176,-0.33816721326120486,0.32375425668740554,-0.8419298658437765,-1.1584255835059025,-0.2106056582930109,12
-1.07314000136649,0.5361615361501801,-0.6143318736998927,-1.1203606362211882,-2.242183935157294,-0.9288881476720721,-0.37772250210018815,9
1.8846092352024923,-1.3765078907957038,-0.04227650564832505,0.7771652431742292,0.8661300123849063,0.3307556151512242,-1.365775651798964,15
1.6946620365237504,-0.46571292558337807,-0.4565234963063568,-0.7104960035762224,0.3616668784942531,1.1677603951085473,-0.2369963929990251,6
-1.1545459436573795,2.509550627443552,3.0152608063514332,3.159450559239745,0.48505787927822186,-1.1040859593368477,-0.5321306546191626,7
1.6946620365237504,0.9611991865825987,-0.06200255282251704,0.4607892845122419,0.23436540654168017,-0.5572944768421229,0.10259880061320893,1
-0.5304337194272272,0.05040422137027313,-0.5157016378289327,-0.5308023545811886,-2.2481867839494067,-0.7670578285844664,0.10502514117382952,9
-0.9917340590756005,0.11112388571776151,-0.6537839680482767,0.8399986388897206,0.5266651295814504,0.19105373800836803,-1.151957367367237,14
-0.4218924630393746,0.05040422137027313,-0.5157016378289327,1.0394756372824085,-0.8435563555148387,2.7597856735970554,-0.8718605005657813,13
-1.3444931423361215,-0.7085915829733316,-0.37761930760958884,0.5363187008474191,-0.8988259733277939,-0.05061180869437439,-0.21425640710829105,12
-0.9645987449786374,2.4184711309223195,2.975808712003049,-0.317497628166922,0.9065638965962312,-0.8288573986791767,0.2575386845012836,0
1.233361696875377,0.020044389196528938,-0.5157016378289327,0.01822387487577434,-0.4526368078625665,0.6213101754962593,-0.36823545501221683,11
-1.290222514142195,0.5665213683239243,-0.47624954348054876,2.146767052400785,-0.6055306188459018,-0.5647306853618604,0.3492803009102175,18
-0.503298405330264,0.11112388571776151,-0.5157016378289327,0.6065406168737096,0.722243280040242,0.37747130250164834,-1.071095501983385,14
1.3147676391662664,0.05040422137027313,-0.2592630245644369,-0.7650390350627208,0.3960685372686271,0.0355876922643569,3.174255816285828,20
0.44643758806344586,-0.2531941003671688,-0.20008488304186095,-0.5673439344735779,0.4827909697707952,1.0555669890715251,2.863669265540751,20
0.3378963316755933,-0.3442735968884013,-0.5354276850031248,-0.4621119350747481,0.04105562196436288,-0.8625131376741231,-0.6611736784231362,11
1.5047148378450084,-0.4049932612358897,-0.3578932604353969,-0.42987278308910537,-0.32818907032964695,0.3909675731876949,0.3498400150773665,5
0.9077379277118193,-0.7996710794945642,-0.37761930760958884,-0.45018904616336014,-0.8266448480313173,0.8853157830919824,1.1789084699366132,5
0.9891438700027086,0.20220338223899406,-0.4959755906547408,-1.0506624311414445,-0.33688496080250585,-0.04438726525614568,-0.7448219919346019,11
-0.5847043476211534,2.7524292848335055,3.0744389478740093,-0.6253611481620222,0.9459210216091031,-0.8599271000317857,0.28468144746909746,0
-1.07314000136649,-0.28355393254091293,-0.6143318736998927,0.1439326436719121,-0.7104608318491601,1.9696639266370208,-1.2431832039898123,13
-0.8017868603968585,0.29328287876022663,-0.6143318736998927,-1.9365716076352077,-2.3428787044522825,-0.630668539129627,0.08899271370052993,9
0.9620085559057455,0.05040422137027313,-0.5354276850031248,-0.8009263311696784,-0.5286997069349466,0.42154874728430164,0.11459246202768737,11
-0.7746515462998954,-0.31391376471465715,-0.47624954348054876,-0.03627514535165635,-0.816895435696856,-2.490454175083811,-1.0414874408835768,13
1.0976851263905611,-1.255068562100727,-0.04227650564832505,-0.1899661852430188,0.6322306489499229,-0.16587032067957244,-1.0029541430126379,21
-0.9374634308816743,-1.0729095690582617,-0.4367974491321648,0.5566256351807687,0.9156859924202687,-1.156303739341334,0.7655903249147362,4
0.8806026136148561,-0.37463342906214553,-0.10145464717090101,-0.8972117786088634,0.5055841695530755,-0.2806931475714304,2.3583683359398853,20
-0.17767463616670637,0.17184355006524987,0.5889570039258185,-0.9714933586972031,-2.3148837455570224,1.4369166085856568,-0.33956296841884287,3
-0.4218924630393746,0.32364271093397085,-0.6537839680482767,0.5640981259732353,-0.3538000073108803,0.03360465343651355,-0.6170608718941811,2
-0.4218924630393746,-1.0729095690582617,-0.4367974491321648,1.257252740864716,-0.9233855209310041,-1.5253355543407867,-0.11030387348265895,12
-0.4218924630393746,2.691709620486017,3.0547129006998173,-0.8739083829968836,0.8449366740634756,-0.7387753402832831,0.3673887041805058,0
-1.2088165718513058,0.4450820396289476,-0.5946058265257007,-0.24034447536804832,-0.40010919624699265,0.303308202609478,-1.0220833346220186,10
0.09367850480292504,0.3843623752814592,0.07607977739682686,2.15759878774659,1.0046589125105307,0.5027966570385022,0.01764865099911459,17
-0.6118396617181167,-1.4372275551431921,-0.16063278869347697,-0.6897509826704296,0.8944594300046789,0.3780329089910893,0.06218766111123434,19
0.12081381889988818,0.4147222074552034,-0.6340579208740846,1.7255378593347954,-0.07735741869537317,0.1569324723178905,-0.6035205383088483,2
-0.36762183484544836,-0.040675275150959436,-0.02255045847413307,3.4398635050239297,1.009508541119818,0.08804677702178937,1.9717579409807438,17
0.853467299517893,-1.0121899047107734,0.11553187174521085,0.7345894524812709,0.8349594473859226,0.08596968376725186,-1.4916469832100936,15
-1.0188693731725638,-1.3765078907957038,-0.7129621095708526,-0.08790101182614135,0.948645351088919,0.8071772589724682,0.19753954998618545,16
-0.6118396617181167,-0.4960727577571223,-0.3973453547837808,1.2846584985284615,-0.9378963753733027,-0.4801122389199752,-0.08764126741980445,12
-0.7203809181059692,-0.7085915829733316,-0.7326881567450446,1.3360754941396644,1.037101861772616,0.16290480262565324,0.1782953224311303,16
0.03940787660899876,0.4450820396289476,0.5889570039258185,-1.599622800238912,-2.4447714810236363,0.5398277164699246,-0.31651077336396705,3
-1.100275315463453,0.17184355006524987,-0.6537839680482767,0.8310799018567896,0.803049371650463,-0.19133172530219414,-0.8109705389924743,14
-0.5847043476211534,-1.1336292334057503,-0.23953697739024493,-1.141720288841264,0.7862211351815058,-0.9366904955895932,-0.01075915395053004,19
-0.44902777713633774,0.5361615361501801,0.6086830511000105,-1.51244588383426,-2.4943562953795926,1.6028852675355718,-0.524089486078556,3
1.5861207801358979,0.7790401935401337,-0.06200255282251704,0.40522696108649503,0.3712167226896925,0.02074429569774304,0.09482239993422084,1
-0.2862158925545589,2.20595230570611,3.0152608063514332,-2.80500162782824,0.38673099730203064,-0.4557041669992114,-0.5869491175191833,7
0.8806026136148561,-1.406867722969448,-0.06200255282251704,0.6841542783010482,0.8674564732889615,0.2940663217514707,-1.4209844509127116,15
1.0162791840996719,-0.22283426819342456,-0.121180694345093,-0.576148907333962,0.5408346860876911,0.16749919363196025,1.6518471183387258,20
1.2062263827784139,0.05040422137027313,-0.121180694345093,0.2335000902964743,0.4817763206156459,-0.6681025981097112,1.6351533487257217,20
-0.6389749758150798,0.8094000257138778,-0.6537839680482767,-1.2873677311618106,-2.253960583353727,-0.8753306179036824,-0.3134477571651639,9
1.5589854660389346,-0.5567924221046107,-0.4565234963063568,-0.32053534421722746,-0.4627449429931161,0.6361299546976336,1.0563750384544368,5
-1.3173578282391583,-0.19247443601968037,-0.6537839680482767,0.8386005386394141,0.6543140872640115,-0.09242433997754486,-0.8192090675569749,14
0.17508444709381446,0.14148371789150568,0.5692309567516266,-1.355190591546468,-2.4167862103379827,1.9221405532346152,-0.40471158695563647,3
0.9077379277118193,-0.4049932612358897,-0.121180694345093,0.13263585346236365,0.08713433342210118,0.2942830488137374,1.5140559489440193,8
-1.290222514142195,-0.131754771672192,-0.5946058265257007,0.45315528324774335,-0.30112714528011775,-3.5513736764931148,-1.2873144133088363,13
-1.1274106295604163,-0.07103510732470363,-0.5748797793515087,0.2825646739705722,-0.9917469798012164,-1.255216360482869,-1.0040475590096305,13
-0.31335120665152205,-0.8603907438420525,-0.23953697739024493,-1.320589572871962,1.058709116054596,-1.1570198215843293,0.07564494213175282,19
-0.3404865207484852,-1.1639890655794944,-0.3578932604353969,0.6515570211935888,-1.0450074788837418,-1.7857017839301461,-0.11710851924571779,12
1.3419029532632294,-0.5567924221046107,-0.23953697739024493,-0.058867904731294746,0.02679666411444885,-0.16232951522676634,1.5844114489703847,8
-0.36762183484544836,0.05040422137027313,0.6678611926225865,-1.2115728276812197,-2.3971092065648074,2.490261098692556,-0.4547808891350688,3
0.09367850480292504,0.4147222074552034,0.07607977739682686,1.982163330942405,0.9827228481163311,0.14338105443272567,0.6891342562349186,17
-0.8017868603968585,0.29328287876022663,-0.5157016378289327,-0.10081562977176692,-0.1655877096847515,0.4923956940248611,-0.524493814146043,2
-0.6661102899120429,-0.5567924221046107,-0.33816721326120486,1.543000866029052,-0.82412441810138,-1.4484998202260746,-0.09823557065869833,12
-0.6118396617181167,2.509550627443552,2.995534759177241,-0.5015557713201944,0.9418250055134916,-0.29112589071653816,0.20532808847053008,0
1.3419029532632294,-0.37463342906214553,-0.5157016378289327,-0.6278754545104748,0.5899655059133007,1.079053236686259,-0.1816329744700091,6
1.6132560942328609,-1.1639890655794944,-0.0028244112999410795,0.5845310199669251,0.962949334870534,-0.333640333057342,-1.3797203614718738,15
0.25649038938470387,0.05040422137027313,-0.16063278869347697,-0.12097307585595708,0.7874550705412082,0.70740907725719,0.8738560235810799,8
-1.07314000136649,-0.5264325899308665,-0.2987151189128209,2.0438738912075705,-0.8614765407505451,-0.6323793486821577,-0.14697497153934327,12
2.183097690269087,-0.5567924221046107,-0.5946058265257007,-0.22018094926023699,0.48608936023849647,0.7456098603228106,-0.7170653817884199,6
0.41930227396648273,0.020044389196528938,-0.5354276850031248,-0.08256120154716963,-0.5035621215986849,-0.7084758850608384,-0.569835386389048,11
-0.23194526436063265,0.7790401935401337,0.7270393341451624,-1.6510487170246704,-2.495951676380206,-0.4396762677474703,-0.48885507381418014,3
-0.9103281167847111,0.32364271093397085,-0.5946058265257007,2.193664975947511,-0.5907549867125148,-0.503718426329275,0.38472869324271053,18
-0.2862158925545589,2.023793312663645,2.936356617654665,-0.35508894933965396,0.9460160823397228,-0.7462310451972631,0.2943406867788029,0
2.155962376172124,0.17184355006524987,-0.5748797793515087,-0.10565657096236122,0.4976910136898387,0.059475759453408356,-0.18082407041313056,6
-0.3947571489424115,0.05040422137027313,-0.5551537321773167,0.2766912372661173,0.5802988474100182,0.2070554364661947,-0.8759161998907772,14
0.25649038938470387,-0.22283426819342456,0.09580582457101885,-0.2211493879449251,0.9681827189394616,0.3679412192957425,1.4558701839959245,17
-1.263087200045232,-1.0121899047107734,-0.4565234963063568,0.6543295966283242,-1.053950689414753,-1.0334266706586144,-0.06308395048652629,12
0.473572902160409,-0.4049932612358897,-0.5748797793515087,0.10522513609022989,-0.23394748456635203,0.23190341916763635,0.06883874008122763,11
1.5318501519419714,-0.6782317507995874,-0.33816721326120486,-0.48005481918743526,-0.8277785086258136,0.3733446870380764,0.9034429636626883,5
-0.7203809181059692,0.05040422137027313,0.5889570039258185,-1.6354890131551527,-2.5258797711467884,0.22394673341563776,-0.5070064077726171,3
-0.6389749758150798,0.11112388571776151,-0.47624954348054876,0.33982365870291575,-1.259682843603516,-0.48778337088120144,0.7071827326154615,18
-1.263087200045232,0.8094000257138778,-0.6340579208740846,0.7061424257980757,-0.15251094281720576,1.2363507928863562,-1.0644266102883695,10
2.183097690269087,-0.131754771672192,-0.5157016378289327,-0.021840602226472196,0.3842239782246129,1.0638778663425814,-0.6619491283020003,6
-0.6661102899120429,0.4147222074552034,-0.6340579208740846,0.6886732735776622,-0.15762367455679216,0.8969567203551122,-0.6478734241886924,2
-0.9374634308816743,-1.1639890655794944,-0.121180694345093,-1.1677836548649159,0.7934003983946796,0.5324618990386158,0.09268010912034655,19
0.9077379277118193,-0.07103510732470363,-0.2592630245644369,-0.6512860912644776,0.4142586293796094,-0.5497931309292438,1.71940173747198,20
-1.0460046872695268,0.14148371789150568,-0.4959755906547408,-0.7606740368610728,-0.36013068617065375,0.3719488872159015,-0.9643767208632796,10
-1.1545459436573795,2.600630123964785,2.975808712003049,0.7403270652383576,0.4544749782676361,-0.17546827667368833,-0.6787778300027929,7
1.5047148378450084,-0.9818300725370293,0.07607977739682686,0.6470611351259253,1.04932416850885,-0.23920643989602622,-1.462709035919786,15
0.473572902160409,0.26292304658648247,0.0366276830484429,1.495034941441924,0.9583882847137959,0.6434563936778485,1.711200791903774,17
-0.9645987449786374,2.114872809184878,3.0744389478740093,-0.6068832160639247,0.9486652828517512,-0.1377371655381409,0.2170256496421607,0
-0.5847043476211534,2.3881112987485755,3.0744389478740093,-0.4961484034730603,0.8443876753694423,-0.48153825451369675,0.08667390176293331,0
1.8846092352024923,-1.0121899047107734,-0.06200255282251704,0.011095096403094341,0.7758496446141792,-0.45934913711341563,-0.8953630511264236,21
-0.883192802687748,-0.7996710794945642,-0.14090674151928498,-0.6387795771841379,0.937936404198584,0.8958534928723924,0.02492030596260463,19
-0.31335120665152205,0.32364271093397085,0.07607977739682686,0.6515185032201113,1.0424480218989052,0.26161914848984136,-0.7232779392945545,17
-0.5847043476211534,-0.28355393254091293,-0.5551537321773167,0.872608187962033,-0.3526244288233816,2.7408573092976227,-1.302720763214223,13
0.7449260431300404,-0.10139493949844781,-0.10145464717090101,-0.09553837009850068,0.6423733945134295,-0.16012503199334388,1.0207946836401833,8
-0.44902777713633774,-1.3157882264482152,-0.6735100152224687,1.6624690379378315,0.9266810795487701,0.32151825625116603,0.2428378668597505,16
-0.3404865207484852,-1.1639890655794944,-0.4170714019579728,1.602082168514719,-1.0286600617927781,0.3881628891092423,-0.20348873060809788,12
-1.0188693731725638,2.7524292848335055,3.0744389478740093,1.007817312631015,0.49425935197733645,-0.48729953415091065,-0.6379075209438887,7
-0.2862158925545589,-1.285428394274471,-0.08172859999670903,-0.2266243822724064,0.6595876877285171,-0.19338580394894692,0.1441763080875788,19
0.7720613572270035,-0.3442735968884013,-0.21981093021605294,-0.14499158305445353,0.5128494441344479,0.14569422939360757,3.495241561369525,20
-0.3947571489424115,-0.31391376471465715,-0.47624954348054876,0.29230512580210244,-1.2464347444753088,-3.7843793902226293,-1.1261819697356448,13
-0.6118396617181167,0.6879606970189011,0.6678611926225865,-0.993003015423365,-2.5661060255332755,0.2306250625492904,-0.35819019292975884,3
-0.8017868603968585,-0.9818300725370293,-0.20008488304186095,-0.6018599824552757,0.804022033326304,-0.18664598206151636,0.026265068569814157,19
-1.1545459436573795,-0.8300309116683083,-0.4367974491321648,-0.012169987971962656,0.9079974279294784,-0.9850301673242431,1.99021511925865,4
-0.6389749758150798,-0.7085915829733316,-0.8510444397901965,1.3995230470598248,0.8587992036650193,1.5109135657918196,0.1796640405151181,16
-0.014862751584927517,0.6272410326714127,-0.6143318736998927,0.29359021991389556,-0.3616649964331191,0.08554885817763783,-0.5384451083919167,2
-1.2359518859482688,2.20595230570611,2.936356617654665,-2.5220688784721745,0.4396059581686431,-0.07193426048100163,-0.6611347053907487,7
-0.9103281167847111,-1.1336292334057503,-0.6735100152224687,-1.8139983511242388,0.9322211398972001,0.19373597165420658,-0.009229841406044725,16
-0.6661102899120429,-0.8907505760157967,-0.2789890717386289,1.1148811573849504,-0.861014279815959,0.43094713947930663,-0.24933158038834943,12
-0.5847043476211534,-0.9514702403632851,-0.10145464717090101,-1.1707415312268041,0.7423206497488342,-1.164622424364692,0.04704678481727581,19
1.043414498196635,-0.4049932612358897,-0.10145464717090101,0.1252058893636111,0.06982073875220736,0.830349344803777,1.5737407410388504,8
-0.4218924630393746,0.11112388571776151,0.6875872397967785,-1.206207628184439,-2.4230138363676272,1.2808221843625704,-0.4175012295659215,3
-0.44902777713633774,0.08076405354401732,-0.6143318736998927,1.5364025164564785,-1.615644148431055,-2.4590820312384025,0.6587967876098566,18
-0.36762183484544836,0.26292304658648247,-0.6143318736998927,0.015034244867404397,-0.07062882603182659,0.8267797870540972,-0.5244176259075968,2
-0.693245604009006,-0.16211460384593618,-0.5354276850031248,0.556945876010404,0.5420167989538194,-0.2632542033311764,-0.9257853225030693,14
-0.44902777713633774,-1.1639890655794944,-0.2789890717386289,0.2852679690325249,0.8838961187234079,-1.0172139419626967,2.205451882228969,4
1.3961735814571559,-0.010315442977215249,-0.5354276850031248,-0.5062621683611379,0.21070973297927148,0.5616990057379326,-0.21744761130063436,6
-0.4761630912333009,0.11112388571776151,-0.6143318736998927,0.45028246618004336,0.776720598944794,0.3962906443232365,-0.8304011636212267,14
-0.014862751584927517,-0.22283426819342456,0.07607977739682686,1.0973920777296053,0.8440014085175611,0.33225141652185913,-0.8991555663433037,17
1.3961735814571559,-1.285428394274471,-0.06200255282251704,0.673816296790588,0.9746244795422755,-0.15118434980236925,-1.4423430301382194,15
-0.36762183484544836,-0.8907505760157967,-0.6932360623966606,-1.2730226990579545,0.8661749938711599,1.7633133825030292,0.08315277590517459,16
-0.9645987449786374,-0.7996710794945642,-0.3973453547837808,1.6134463863437383,-1.1352938862969089,-2.511029695449757,-0.22966149212084905,12
-0.3404865207484852,0.26292304658648247,-0.4565234963063568,1.4054797808754556,-0.16329059972040963,1.2516733254413182,-0.7289185109539933,2
0.9620085559057455,0.17184355006524987,-0.2592630245644369,0.03500669520697401,0.48012209833234853,0.6037869090635759,2.5476195091588916,20
0.9620085559057455,0.6879606970189011,0.11553187174521085,0.7297797029144479,0.3905405808969904,-0.6985415967913586,-0.24267986824436472,1
-0.2862158925545589,2.630989956138529,2.896904523306281,-2.0931465141708765,0.407777408851708,-0.22914305042945776,-0.5787369541668926,7
-1.07314000136649,-0.2531941003671688,-0.5748797793515087,0.6085363669070399,-1.2147126536770145,-3.378760463259545,-1.0792764180809695,13
0.7177907290330773,-0.040675275150959436,-0.14090674151928498,-0.3384019051318421,0.5408574942341631,-0.48084743189460316,1.1690613411106365,8
2.183097690269087,0.08076405354401732,-0.5551537321773167,-0.709054858806355,0.46789828853189963,1.6458568656500328,-0.20399693522523923,6
-1.3716284564330845,-1.1032694012320061,-0.3578932604353969,1.9424127941271812,-1.0525246159377615,-0.24863298035342032,-0.10296789961012058,12
-1.3716284564330845,-0.7996710794945642,-0.20008488304186095,-0.6228867124347891,0.8298597282856073,0.3373730325790697,0.10802719350359337,19
-1.290222514142195,-0.7996710794945642,-0.08172859999670903,-0.20502303493095647,0.9254229146861722,0.15001580752257626,0.13663533681408513,19
1.4233088955541189,0.5665213683239243,0.05635373022263488,0.10179797365644896,0.466761964802121,-0.47805752814411046,0.01872957958994306,1
-0.4761630912333009,2.0541531448373895,3.0547129006998173,-0.6206904259747019,1.0481085841804674,-1.1083281267250296,0.2071627178410702,0
-0.8017868603968585,2.479190795269808,2.956082664828857,-0.3442731976828895,1.055185164493295,-0.9051771047289504,0.02860365787255951,0
-0.3404865207484852,0.4450820396289476,0.11553187174521085,0.7339534048288633,0.8709984396225927,0.3388464987210872,1.7935810117930597,17
-0.7203809181059692,-0.3442735968884013,-0.4959755906547408,0.5149322354806875,0.4912524033264515,-0.05845703795219143,-1.0811709414183897,14
-0.36762183484544836,-1.0729095690582617,-0.18035883586766896,-0.2879439328319603,1.0368047309385566,-0.06277824063477588,0.12332565754558832,19
-0.503298405330264,-0.37463342906214553,-0.6340579208740846,0.5959486388324252,-0.4499427583027387,1.5687746088438885,-0.6348621728641544,13
-0.503298405330264,-1.285428394274471,-0.33816721326120486,0.7691990635207642,0.9494340701185737,-0.016096191492298025,0.5049390109875505,4
1.7217973506207134,-1.3765078907957038,0.0366276830484429,-0.16993676027795543,0.7583516242344487,0.13760964795943698,-0.8274976259615088,21
-0.7746515462998954,0.7790401935401337,-0.6143318736998927,-0.82397279656068,-2.2905192317593293,-0.717103033766415,0.23771949821940735,9
1.8846092352024923,-1.406867722969448,-0.02255045847413307,-0.2680850300837842,0.5216780837303404,0.22991285481079016,-0.885567357637588,21
0.44643758806344586,-0.07103510732470363,-0.47624954348054876,-0.41473919869890674,-0.4532762754888943,-1.1361196205511317,-0.703452041841295,11
-0.014862751584927517,0.05040422137027313,-0.6340579208740846,0.631077698107604,-0.2730198866569864,1.4144529313330336,-0.7492073464498917,2
-0.9917340590756005,0.14148371789150568,-0.6143318736998927,0.9701720981919111,-0.5140459222195934,-2.3856548790447065,-1.2725760370448431,13
-0.9917340590756005,2.600630123964785,2.936356617654665,-0.7648394338727577,0.9617722780107351,-0.5329049052333642,0.33185858856660283,0
-0.36762183484544836,-0.9211104081895409,-0.7129621095708526,1.1650787420410955,0.8570095121075296,-0.10033853260591566,0.17580718692650144,16
-0.2862158925545589,0.14148371789150568,-0.6537839680482767,0.758969510410825,0.7269361859216299,0.6443503315123358,-1.0967765879760774,14
-0.2862158925545589,-0.131754771672192,-0.6143318736998927,1.0657268441394532,-1.1459009301024714,0.2725753405125508,-0.9073570057544825,13
-0.014862751584927517,0.20220338223899406,-0.02255045847413307,1.3719033938500633,0.9576931067396212,0.579882520173154,-0.17566085828438183,17
-0.883192802687748,-0.7085915829733316,-0.37761930760958884,0.22708338930525998,0.9627066618308082,-0.06871884572329558,2.203445062637531,4
1.8574739211055291,1.1129983474513196,-0.0028244112999410795,0.6020645263233672,0.36704143656765464,-0.6224082832686562,0.26932639065952424,1
-0.5847043476211534,-0.5264325899308665,-0.4565234963063568,0.5268250432389399,0.7642208794400308,0.8383033462418505,-0.9983210766805438,14
-0.4218924630393746,-0.37463342906214553,-0.5946058265257007,0.6096203280094464,0.45681142918692913,0.2952212369630784,-0.7927122919412594,14
-0.31335120665152205,2.2363121378798545,3.0349868535256252,-2.0249833890445936,0.4604098515642444,0.005028684828604129,-0.5793434686411196,7
-0.6661102899120429,-0.040675275150959436,-0.4959755906547408,0.8621790828851197,-0.9792774894857795,-1.9691009957659846,-0.9189716245892332,13
0.9891438700027086,-0.9211104081895409,-0.3973453547837808,0.12094380658769908,-0.4108203259026246,0.6458704360125196,1.6424072580831792,5
1.830338607008566,1.0522786831038313,0.05635373022263488,-0.031531679462035646,0.3625427581885195,-0.34724779844672565,-0.050742552680773316,1
-0.3404865207484852,0.7183205291926452,-0.5157016378289327,0.5169240417681266,-0.09431258283166553,-0.20502177995632165,-1.2383958460159437,10
-0.36762183484544836,2.479190795269808,3.0941649950482013,-2.7135112615051087,0.39803172409854315,-1.2296576322405726,-0.5338476967948463,7
1.5589854660389346,1.1737180117988082,0.09580582457101885,0.3526584625560791,0.5183260009176749,-0.2516128178310404,0.027033311797273644,1
-0.7475162322029323,-1.4372275551431921,-0.2987151189128209,0.7030847212763326,0.9568633546854142,-0.5721606747527599,1.8463866131193187,4
-1.0188693731725638,-1.1336292334057503,-0.7918662982676206,1.7977496186357167,0.9744959635113826,0.6078761842135536,-0.05920303228456313,16
1.0976851263905611,-0.5264325899308665,-0.06200255282251704,-0.229567048730644,0.49552471834921585,-0.6681191726627245,2.992608467909038,20
0.6906554149361142,-0.16211460384593618,-0.5946058265257007,-1.243131530909312,-0.07999954654502217,-0.8911774191885495,-0.3681773828984532,11
1.0976851263905611,-0.46571292558337807,-0.23953697739024493,0.1799371377471399,0.2584371029584139,1.0388479875314465,0.9895642996286748,8
1.640391408329824,1.0522786831038313,0.13525791891940284,0.7557786025736557,0.3112507255163073,-1.2367208973546295,-0.12734716987234332,1
-0.041998065681890656,0.5361615361501801,0.5495049095774346,-1.1613526122635782,-2.4143291165171696,0.1778158855343131,-0.3250875616277138,3
2.3187742607539024,-0.5264325899308665,-0.5551537321773167,-0.4948786570892876,0.6036497670707525,0.5766832662112277,-0.5848952327825949,6
-0.2862158925545589,0.14148371789150568,0.5297788624032426,-1.3816895987444606,-2.5426910797366244,0.8865972416125764,-0.2517737959542192,3
-0.9645987449786374,-0.2531941003671688,-0.4959755906547408,-0.2766691984593945,-0.4481795908004754,0.9582354594806648,-1.0446405726021166,13
0.9077379277118193,-1.0729095690582617,-0.04227650564832505,0.2911384149481587,0.9880024909169403,0.39232887153065155,-1.421139888488455,15
-1.2359518859482688,0.08076405354401732,-0.47624954348054876,-0.15796790103253147,-1.1854661060495701,-1.8526046459999939,1.5468521334927372,18
0.7449260431300404,-0.4049932612358897,-0.20008488304186095,0.16831779716530448,0.5584711814211004,1.3741381539970894,2.633357337404347,20
-0.44902777713633774,-1.3461480586219596,-0.23953697739024493,-0.5507352926428999,0.6700746372420201,-0.2525850988104781,0.12717392208626666,19
0.25649038938470387,0.05040422137027313,-0.08172859999670903,-0.5128937119486808,0.489528486541413,1.7449022632767022,2.9196334428632675,20
-0.5575690335241903,-1.0121899047107734,-0.20008488304186095,-0.5927447039333885,0.9763038471740473,0.7462857021204677,0.12080872453842716,19
0.28362570348166705,-0.07103510732470363,0.05635373022263488,2.695665709652283,1.0211306605772463,0.12878494932870635,0.31830874700342554,17
1.6946620365237504,-0.4960727577571223,-0.5551537321773167,-0.1134898977680839,0.3424061673906938,1.1743693586076647,-0.11551595751244936,6
1.4233088955541189,-0.7996710794945642,-0.33816721326120486,0.3052959783444197,-0.8900651705037375,0.27802314796173566,0.4133298463559922,5
-0.2862158925545589,0.23256321441273825,-0.5157016378289327,-0.9174361147974829,-0.2516728470001799,0.6747637385426679,-1.0770407783946236,10
-0.9917340590756005,-0.37463342906214553,-0.6143318736998927,0.6930569391057192,0.7661840249671068,0.7817356674471593,-1.2187182678876436,14
-0.8289221744938218,-0.7085915829733316,-0.4170714019579728,0.4332896822352028,-0.8899104154970019,-2.2025246643250243,-0.13737754881906541,12
-0.6118396617181167,-0.5567924221046107,-0.5157016378289327,0.7720068668643815,0.6876338441874271,0.8718693216258897,-0.7926819825334651,14
1.0705498122935981,-1.1943488977532386,0.07607977739682686,-0.1500318123767999,0.7985717473939381,-0.10468033248131747,-0.7961934201561468,21
1.0162791840996719,-0.9818300725370293,-0.4170714019579728,-0.2321927053562541,-0.24209973898019882,0.9671400566770688,1.42214475431606,5
-0.31335120665152205,0.7183205291926452,-0.5354276850031248,-0.5142157843388497,-0.5016757930685032,-2.388384432981936,1.0229324925789791,18
-0.7203809181059692,0.8094000257138778,-0.5748797793515087,0.8012548362447505,-0.10466258514761977,0.4267975936918328,-0.6873279976747596,2
-1.100275315463453,2.661349788312273,3.0152608063514332,-0.6857383245941087,0.8781980803999028,-0.11213435810280807,0.019819884830945926,0
0.3921669598695196,0.29328287876022663,0.0366276830484429,1.2353033535182725,0.8937975672602776,0.06465480986779612,-0.43981262487484446,17
-0.503298405330264,2.5702702917910405,2.936356617654665,-3.1648065901663327,0.4181627479918682,-0.7216563453196547,-0.61863041927168,7
-1.1545459436573795,2.023793312663645,3.0152608063514332,-0.8708009494736512,0.8852094224282534,-0.19497421670406317,0.3416289834712909,0
1.5318501519419714,-1.3157882264482152,0.01690163587425091,0.04383207198082498,0.7896050368938878,0.3593070239468548,-1.0587099080509716,21
-0.7203809181059692,2.2666719700535984,2.916630570480473,-0.5628198574155631,0.8654799011963283,-1.2161950099787013,0.12696576590923161,0
-0.9374634308816743,2.7220694526597615,3.0744389478740093,-0.37304260934912775,0.9031202588559498,-1.0758924965240915,0.3354962995636254,0
-0.8289221744938218,-0.2531941003671688,-0.6340579208740846,0.8525894010693871,-0.7541641420138572,-2.359460592869058,-1.0552576770166828,13
0.9348732418087824,-0.010315442977215249,-0.20008488304186095,-0.1395279001698812,0.10887350493404697,0.14582014440456653,0.9176113276329317,8
1.640391408329824,-0.4353530934096339,-0.5157016378289327,-0.5918165887214206,0.40109289754187133,-0.4326639394695394,-0.2706156689947339,6
-0.883192802687748,-1.1943488977532386,-0.7326881567450446,0.4801379456926249,0.8345622635649491,0.09831060888308168,0.24882337101012575,16
-0.17767463616670637,0.11112388571776151,0.09580582457101885,3.287219312101148,0.8573731445542332,0.5847396597951267,-0.5197593402972617,17
-0.7475162322029323,0.6576008648451569,-0.4565234963063568,1.0761485342652788,-1.087265161819389,0.7704820797483177,-0.22080193628314093,18
-1.0188693731725638,-0.9514702403632851,-0.8510444397901965,-1.1700015482483253,0.8567737545998148,1.6476347907128666,-0.059621189046640384,16
-0.6661102899120429,-0.7996710794945642,-0.7524142039192366,0.4842798928722734,0.9651446037043633,-0.502934361473619,0.19430586802245242,16
-0.5304337194272272,2.509550627443552,2.936356617654665,1.0831151190508381,0.5352914319522758,-1.0472325658457946,-0.5824541185865956,7
1.2062263827784139,-0.9818300725370293,-0.02255045847413307,0.45713057910637267,0.9941796700171545,-0.053455596662792426,-1.505908417208877,15
-0.883192802687748,-0.8300309116683083,-0.33816721326120486,1.3786083801063527,-1.062542352171267,-1.347718396841941,-0.22463365808466554,12
1.043414498196635,0.9611991865825987,0.13525791891940284,0.20921233334727407,0.22755416509983037,-0.25342072752325767,-0.21314379471648248,1
1.0705498122935981,0.11112388571776151,-0.47624954348054876,-1.315413511726569,0.06213830369263826,-0.4022256099508303,-0.38397811216363964,11
0.6363847867421879,-0.5567924221046107,-0.16063278869347697,0.17359710845275939,0.392448843479849,0.6469051841184885,2.535832628800686,20
1.4504442096510821,-0.8300309116683083,-0.3578932604353969,-0.23669208231830874,-0.3932674813903286,-0.08024515690748496,0.8230015167144001,5
-0.36762183484544836,2.5399104596172966,2.975808712003049,-0.5847582404705501,0.8425669141996245,-0.9908269011039443,0.08892807756785605,0
-1.0188693731725638,-1.4675873873169363,-0.7918662982676206,-0.34574334070013024,0.8390071948279622,1.2781526328868509,0.008578790994809729,16
0.03940787660899876,0.14148371789150568,-0.6340579208740846,0.9906714510966451,-0.4611406226213401,0.8857541205735356,-0.5835553169303911,2
-0.7203809181059692,0.505801703976436,-0.5354276850031248,-1.2723392181642723,-1.1692019658094408,-1.2216337696809019,0.5333728122678034,18
-0.6661102899120429,2.0541531448373895,3.0152608063514332,-0.6730387441678467,0.8354392431717981,-0.3981722103627474,0.16117784828048515,0
0.8806026136148561,0.14148371789150568,-0.06200255282251704,0.028721992552409533,0.5432898956909082,-0.7642817512216369,2.586738393475689,20
0.6906554149361142,-0.07103510732470363,-0.5946058265257007,0.11034807184788235,0.02449906165863599,-0.28961705982402847,-0.42931299251605487,11
0.0665431907059619,0.6272410326714127,-0.6537839680482767,0.7531567991236369,-0.29062241893455787,1.3322813979396342,-0.5688454114868016,2
-0.44902777713633774,0.6879606970189011,0.6284090982742025,-0.9751056960472839,-2.494827835984826,1.9303398910046359,-0.6950813181522486,3
1.3147676391662664,-1.4675873873169363,-0.02255045847413307,-0.29112858934950603,0.6028501387040522,0.22380784634908937,-0.9505229044900511,21
1.5589854660389346,-0.22283426819342456,-0.6143318736998927,-0.25745777294170896,0.6042752653583348,0.5853702181618662,-0.6989615729857698,6
0.9077379277118193,-0.4960727577571223,-0.121180694345093,-0.022182111325264348,0.43627153052423556,0.2774267960806305,1.2091828576251031,8
1.3690382673601926,-0.6782317507995874,-0.4367974491321648,0.21649575666945714,-0.07654138008188238,0.49472716114210197,1.007863455431213,5
-0.6389749758150798,-0.9514702403632851,-0.37761930760958884,0.6345314645825653,0.9317804682263668,-0.6047771922108687,0.7633311506549765,4
-1.1545459436573795,-1.1639890655794944,-0.2987151189128209,0.6623008304983169,1.1978653448121293,-1.2415911558904709,2.009013458449581,4
-0.31335120665152205,0.32364271093397085,0.09580582457101885,-0.5113298680492736,0.8824797770035827,0.15966696069327743,1.9077837525165524,17
1.3147676391662664,0.5968812004976685,0.09580582457101885,0.13407973306150847,0.4329289998911719,-0.7689346556742118,0.27686941006261934,1
-0.5304337194272272,-0.5264325899308665,-0.37761930760958884,1.639596000888996,-0.8393032943495997,-0.016968501571962342,-0.10896191532147062,12
0.663520100839151,-0.131754771672192,-0.6537839680482767,-0.8020724490938773,0.004143660087860067,-0.7094741778339703,-0.017576389708127107,11
1.4504442096510821,0.5968812004976685,-0.04227650564832505,0.695163025422631,0.39068270531572385,-0.24450992524532913,-0.23646549761603955,1
-0.44902777713633774,-0.5871522542783548,-0.2592630245644369,0.3278098706819066,-1.0886297847516835,-0.0652813122889599,-0.14903685962428576,12
1.2604970109723401,-0.10139493949844781,-0.14090674151928498,-0.2126792239500484,0.4098060530507301,0.762551723770111,2.852317188909199,20
0.5549788444512984,0.020044389196528938,-0.2592630245644369,0.20282144292265358,-0.02063803798205697,1.0691880803550966,1.744074839937264,8
1.043414498196635,0.9004795222351104,-0.02255045847413307,0.4895457091850207,0.28638607114150816,-1.075971323662848,0.11076036606962739,1
-1.2088165718513058,0.32364271093397085,-0.4959755906547408,-0.44768446233972714,-0.18012324885907127,0.7552778689927987,-1.2235082906127257,10
-0.6389749758150798,2.5702702917910405,3.0152608063514332,-0.38248005627290665,1.0094570692514377,-0.6659225750803435,0.03544910725204784,0
-0.693245604009006,2.7220694526597615,2.956082664828857,-0.5507626881897472,0.9024605483486596,-0.5702134527434998,0.08009960400674151,0
-0.7475162322029323,2.691709620486017,2.936356617654665,2.6494069111792466,0.4768398424598777,-0.6043620583373193,-0.6210573026048344,7
2.2373683184630133,0.11112388571776151,-0.5748797793515087,-0.4069878911755613,0.20495508013488228,1.8812942996198643,-0.3515329333739988,6
-0.4761630912333009,-0.19247443601968037,-0.6143318736998927,-0.14596968322745318,-1.0389209590680406,2.742653485651903,-0.7190794678744802,13
-0.7746515462998954,-0.46571292558337807,-0.33816721326120486,1.166418335846487,-0.8241114624779864,-0.8335474135802146,-0.08878877259149441,12
-0.8017868603968585,2.5399104596172966,2.916630570480473,-0.39328951723165634,0.9107355471704747,-0.8441776926031638,0.3663076573583946,0
-0.9374634308816743,-1.4372275551431921,-0.37761930760958884,0.7241373464859833,0.9221032869267457,-0.7732984268251066,0.5219916161808422,4
-0.7746515462998954,0.8094000257138778,-0.5551537321773167,-0.5120296929442774,-2.359108306539424,-1.027075094809482,-0.060624961721449246,9
-0.6389749758150798,-0.8907505760157967,-0.37761930760958884,0.19784204140139156,1.1473321104047125,-0.4237430895313045,1.5925771597974618,4
0.8806026136148561,-0.8603907438420525,0.09580582457101885,0.17376574247578222,0.38743949903360614,-0.5314138722871805,-0.8316861032003259,21
-0.31335120665152205,2.600630123964785,3.0152608063514332,3.067033229522592,0.43103428778238934,-1.1925523391419373,-0.6323123746526595,7
-1.290222514142195,0.47544187180269176,-0.4959755906547408,0.6034105545579008,-0.36941045019846735,1.0542260210224257,-1.1003040355695646,10
-1.1816812577543425,-1.1032694012320061,-0.4367974491321648,1.8277199688536407,-1.0173351036975946,-0.07573242804322258,-0.2150143995016633,12
-0.5304337194272272,-1.3765078907957038,-0.8115923454418126,1.753370559486239,0.9976146498741053,0.8804035601223166,0.0021263933287658625,16
1.043414498196635,0.20220338223899406,-0.5748797793515087,-0.08219944014171711,-0.21219207295735718,-0.7153476150540183,-0.4617421496936562,11
0.6092494726452247,0.14148371789150568,-0.5354276850031248,-1.109929115279967,-0.616581033373093,0.15609171888970572,-0.7785052496073623,11
0.7991966713239667,-0.7085915829733316,-0.4565234963063568,0.1243397399882374,-0.25917299960814516,1.2941876260319582,0.8171697023176232,5
2.1288270620751604,0.20220338223899406,-0.5157016378289327,-0.2017901832002639,0.34601363508993427,-0.6722043715377032,-0.573067181927195,6
-0.4218924630393746,0.3843623752814592,0.6481351454483945,-1.2282903862044716,-2.4980218191586165,-0.4285532268419864,-0.33110927838287185,3
-0.6661102899120429,0.4450820396289476,-0.47624954348054876,0.48023656099802736,-0.32951775844444586,1.3167450346230611,-1.2058379442483027,10
0.5007082162573722,0.4147222074552034,0.07607977739682686,0.41545786290633685,1.0335591008082612,0.45139850841066587,-0.3750838156096691,17
-0.31335120665152205,-1.1032694012320061,-0.06200255282251704,-1.4791504163458427,0.8532184380210913,0.5755062979943025,0.026016340873451456,19
-1.1274106295604163,0.7183205291926452,-0.6143318736998927,-0.777910557296878,-0.3516752936042698,-0.24660019232596353,-1.1891337833788267,10
-0.8289221744938218,-0.7389514151470757,-0.4170714019579728,-0.10050001787203248,0.9402785885805689,-0.5450177556115969,0.98782550671679,4
-1.3444931423361215,0.17184355006524987,-0.4959755906547408,0.3660459106288171,0.7075233982107094,0.9074163526124996,-1.0853155181087526,14
-0.4218924630393746,-0.040675275150959436,-0.6537839680482767,0.6081999573099249,-0.461030300940342,4.420128324999296,-0.6871178681266722,13
1.5589854660389346,1.0826385152775755,0.09580582457101885,0.6912797233929029,0.39345648192687926,-0.7215979570221808,0.1627338210697041,1
-1.290222514142195,0.14148371789150568,-0.5354276850031248,-0.04882998065599438,-1.1039635848095493,3.431198746602631,-0.8702978895447857,13
-0.5304337194272272,0.6576008648451569,-0.5946058265257007,-1.9967830404181948,-2.2437747481536094,-0.8295857225174574,-0.2649040799874628,9
-0.9374634308816743,2.7220694526597615,2.936356617654665,-0.5891584350783665,0.9923017089035923,-0.7276556809492909,0.24508593101683906,0
-1.290222514142195,2.661349788312273,2.936356617654665,-0.7143221754358116,0.884887805295381,-0.4227307124107497,0.21877016131023283,0
-0.5847043476211534,0.6576008648451569,0.5297788624032426,-1.1784467837525714,-2.366021073504217,0.7546729303720017,-0.2727144716144885,3
-1.1816812577543425,-1.0121899047107734,-0.7129621095708526,-1.786756157515632,1.0483216484713525,0.0018454333109195439,0.1199265318198322,16
1.8032032929116029,-0.7996710794945642,-0.0028244112999410795,0.1817675142882498,0.49266107753321486,0.46156656185677636,-0.8939191168470261,21
1.1519557545844876,0.9611991865825987,0.01690163587425091,0.464385823251722,0.3532961958076696,-0.9955540456088743,0.2914849629410956,1
-1.3444931423361215,-1.1032694012320061,-0.8313183926160046,-2.91843332074111,0.8964223479171923,0.44184785738359855,0.2560663085045667,16
-0.5847043476211534,0.5361615361501801,-0.5946058265257007,-0.6762076197950679,-0.41653122197975084,-0.08094925551495437,-0.9092051844299978,10
-0.7203809181059692,-1.0729095690582617,-0.8313183926160046,0.18836138259988938,1.034170819660373,-0.24074219438058483,0.23515406492121999,16
0.14794913299685133,0.4147222074552034,0.5889570039258185,-1.5820176212724146,-2.4556556812507546,2.2751801964089147,-0.4662437102805288,3
-0.23194526436063265,0.4147222074552034,0.5692309567516266,-1.3024727248709862,-2.4907618389727904,0.8180326014997891,-0.4502705230460639,3
-0.09626869387581694,-0.22283426819342456,0.07607977739682686,-0.47547408253105816,0.8972707131859636,0.03634325512072592,1.8725712606957412,17
-0.3404865207484852,-1.1943488977532386,-0.21981093021605294,-0.7490121853368791,1.0424193303424756,0.23570416121933063,-0.014600750246874987,19
-1.0460046872695268,0.5361615361501801,-0.5748797793515087,-0.13755124471850555,-0.4805086016894131,0.8540521713454732,-1.1141786093543267,10
-0.31335120665152205,0.14148371789150568,0.7270393341451624,-1.5203296838930676,-2.5145736682469377,-0.6090125977330966,-0.6348521608572577,3
-0.9103281167847111,0.11112388571776151,-0.5551537321773167,0.570468866475013,-1.1769431478734727,-3.422762112569121,-0.678019013082646,13
-0.6389749758150798,2.600630123964785,3.0941649950482013,-0.6153619428899956,0.9872918858831399,-0.8960274253292722,0.038120908687747944,0
-1.0460046872695268,0.3843623752814592,-0.5551537321773167,0.35537830048022845,-0.35910583790772577,1.1011650606590224,-1.0735366703838802,10
-0.15053932206974321,-0.19247443601968037,0.13525791891940284,2.52213745072393,0.8855617051239333,0.35453209558918675,0.28764393779279224,17
-0.8017868603968585,-0.4353530934096339,-0.5551537321773167,0.2859633933922967,-0.8582211402539073,1.1674304045567574,-0.7767932575444902,13
1.5589854660389346,1.0522786831038313,0.13525791891940284,0.13369962329461715,0.5375329860054766,-0.7437058132673682,0.1895591221303356,1
-0.23194526436063265,0.17184355006524987,0.13525791891940284,2.853489781455497,1.0296232360251996,0.6452467557213276,0.8306822410017001,17
0.5549788444512984,-0.040675275150959436,-0.5946058265257007,-0.09874815002971345,-0.6931440043341606,-0.872287137156277,-0.46002542346833836,11
-0.503298405330264,2.0541531448373895,2.975808712003049,2.70955156608622,0.44161611710211574,-0.439320182395134,-0.5342339152858449,7
0.28362570348166705,-0.010315442977215249,-0.10145464717090101,0.15629740145023005,0.4327636713574365,-0.15863747511876045,2.1811961525614123,20
-1.2088165718513058,2.600630123964785,2.975808712003049,0.012687922798517794,0.4581226421599791,-0.23348144319280004,-0.5337213957725747,7
-0.5575690335241903,0.7790401935401337,-0.5157016378289327,-1.441593281523542,-0.08671851430005424,-0.28045286188723345,-0.9976372991545656,10
-0.31335120665152205,0.6879606970189011,0.5495049095774346,-1.1106743355844928,-2.5070607391441992,2.122511397329323,-0.623788233323858,3
-0.3404865207484852,-1.4372275551431921,-0.4565234963063568,-0.011769505794317986,1.1453055659163642,-0.40554739096708187,1.5979053471285665,4
-0.6661102899120429,2.0845129770111335,3.0349868535256252,-0.6230132706466781,1.0469764055498223,-1.0939065199045541,0.06789635854512392,0
-1.1545459436573795,0.5665213683239243,-0.6143318736998927,-0.991547255363557,-2.319457049188877,-0.9735950180971757,-0.2832621133316403,9
-0.014862751584927517,0.32364271093397085,-0.4565234963063568,0.6362331938881255,-0.3611509148007343,0.3328155783453465,-0.6038275756729051,2
1.5318501519419714,-0.3442735968884013,-0.47624954348054876,-0.7015812575432533,0.5931905389458878,-0.4203957960395072,-0.317296440062688,6
-0.503298405330264,-1.255068562100727,-0.3578932604353969,-0.042725217560603185,1.1974568745412248,-1.1416446243736678,2.085032224175326,4
-0.3947571489424115,0.11112388571776151,-0.6340579208740846,0.5915975983015834,-0.640848306817477,2.3229729576981994,-0.8444018701760507,13
1.043414498196635,-0.2531941003671688,-0.23953697739024493,-0.8435575233213961,0.40665348809536866,-0.04004105324724648,1.492367693428481,20
0.7177907290330773,-0.46571292558337807,-0.23953697739024493,-0.7371943579735549,0.39397247650927036,-0.6639232413687296,2.2028020754497004,20
-0.2862158925545589,-1.0729095690582617,-0.10145464717090101,-1.225331702585561,0.6901984264042139,-0.9021666211211803,0.11753114420897186,19
-0.6389749758150798,0.26292304658648247,-0.47624954348054876,0.5947408169379351,-0.20857121011863414,1.12384449060116,-0.7490016391155586,2
-0.2862158925545589,0.05040422137027313,-0.5946058265257007,0.9397986884806294,-1.3838316612608894,0.8200614971443514,-1.0094682414014526,13
-1.1816812577543425,2.661349788312273,2.896904523306281,-0.34026147287444336,0.989199138342198,-1.225407307194276,0.02655795474072045,0
-1.263087200045232,2.509550627443552,3.0744389478740093,0.8520827764068374,0.4651226286010363,-0.7341457543712758,-0.6899031190261298,7
-0.31335120665152205,-1.4675873873169363,-0.33816721326120486,0.2937504761841634,1.0003834045986684,-1.1772505084961298,0.8639737018496588,4
1.5589854660389346,-0.9514702403632851,-0.04227650564832505,0.11169247769269341,0.6874569746525621,-0.45035901731778333,-0.9115948400063885,21
-0.7746515462998954,0.4450820396289476,-0.6340579208740846,0.41259868257555377,-0.36847572293630243,1.6255213168192697,-1.200320042819397,10
0.25649038938470387,-0.07103510732470363,-0.23953697739024493,-0.5735130457982385,0.5115323836669528,-0.5689272845417674,2.7928936643024467,20
-1.2359518859482688,-0.2531941003671688,-0.5354276850031248,0.542142918500554,0.744938503650141,0.016976790867045313,-1.0986467149249826,14
-0.693245604009006,2.0541531448373895,3.0152608063514332,0.9643647108632303,0.507351236133209,-1.1232610391590188,-0.6069736864541011,7
-0.041998065681890656,0.5665213683239243,-0.6537839680482767,1.1713209199708656,-0.16077239206283336,0.8468927574779658,-0.5198898983732803,2
-0.3404865207484852,2.3881112987485755,2.936356617654665,-1.0215663698123822,0.4545596859027168,-0.6930796666838958,-0.6642948882410825,7
-0.6118396617181167,0.47544187180269176,-0.6340579208740846,0.8192126743015443,-0.23001604322764854,0.09390166923383315,-1.2324219439922677,10
-1.0188693731725638,-0.7693112473208199,-0.2987151189128209,0.49630669742053724,1.0878501075406612,-1.0048391666521852,0.8662642365023661,4
0.3378963316755933,-0.28355393254091293,-0.14090674151928498,-0.2828197034941527,0.5527395423394943,-1.137143055461543,2.7935826671054285,20
1.8574739211055291,-1.3461480586219596,0.0366276830484429,0.2236884758050561,0.5613068647039665,-0.2841944915662896,-1.1397001771549808,21
-1.3716284564330845,-0.8300309116683083,-0.33816721326120486,-0.10606264487157477,1.0597233952799636,-1.1823968197306398,1.6270814607876118,4
0.14794913299685133,0.14148371789150568,0.01690163587425091,2.2686365875249304,1.0411393638656554,0.27880776321667905,1.2555655863649722,17
-0.503298405330264,2.661349788312273,3.0547129006998173,-0.8564797511411466,0.9619700970642785,-0.8332387136477238,0.10212012762391708,0
-0.9917340590756005,-0.16211460384593618,-0.5354276850031248,0.7160134622820084,0.6008700850513873,0.6607500337832978,-0.9098224734119466,14
1.5589854660389346,0.20220338223899406,-0.6143318736998927,-0.5614084000149181,0.23977742673976377,0.10863981694184605,-0.10341751589752968,6
-0.9103281167847111,0.5968812004976685,-0.5946058265257007,-1.2026725709273394,-1.656867720044051,-1.0745902773510334,1.7084179312770598,18
1.6132560942328609,-0.7693112473208199,-0.04227650564832505,-0.25957431422151883,0.7465331878898042,0.032009501801958516,-0.9493267275010281,21
-0.3947571489424115,0.3843623752814592,-0.6537839680482767,0.8812971481437253,-0.09287042324538657,0.24826496510378765,-0.660546272117502,2
0.2022197611907776,0.5361615361501801,-0.6537839680482767,0.4364147218371977,-0.17197126874995503,0.568805692375343,-0.53548389951343,2
1.2876323250693031,-0.8603907438420525,0.07607977739682686,-0.06483100800172321,0.526933311614219,-0.31895556897207955,-0.9850852894170926,21
-0.9103281167847111,0.4147222074552034,-0.5946058265257007,1.1045374935726213,-0.6710846424330933,-1.101206279205164,0.4684009718713509,18
1.8574739211055291,0.5665213683239243,0.13525791891940284,0.07507214889332585,0.5352789355985034,-0.3233264633879943,0.15690428580826632,1
1.0705498122935981,-0.131754771672192,-0.5354276850031248,-0.15145753853754235,-0.13730072220298414,-0.0016690129964386938,-0.534711716637743,11
1.3419029532632294,-0.6478719186258433,-0.4367974491321648,-0.07378490600027025,-0.6233652290868916,-0.5495622620532699,0.3778777979484557,5
-1.1545459436573795,0.14148371789150568,-0.6143318736998927,0.618894815336393,-0.10147750363370389,1.0372277639961802,-1.2422893389333256,10
-1.0188693731725638,0.20220338223899406,-0.4565234963063568,-1.6681634519096145,-2.28159333834181,-1.006117864237144,0.45119371288477217,9
-0.883192802687748,0.11112388571776151,-0.5354276850031248,0.34794495180874174,-0.33569706778351927,-0.4059855764822424,-0.9818266235463178,10
0.0665431907059619,0.05040422137027313,0.13525791891940284,1.5187749843461444,0.8905229133550577,0.30117257292215754,2.383634386476358,17
0.2022197611907776,0.3843623752814592,0.6086830511000105,-0.908789009907933,-2.3381922835656943,2.866115036235741,-0.1800533077679878,3
-0.503298405330264,0.505801703976436,-0.5551537321773167,-0.9285388660148433,-1.1299108647328908,-0.33839598211561495,1.6755773299639187,18
-0.44902777713633774,0.354002543107715,-0.5748797793515087,-0.4271891279998276,-0.3679833697402827,-0.6786614989011931,-1.0558747804664652,10
1.4233088955541189,-0.4049932612358897,-0.3578932604353969,0.33463933006426355,-0.7282111721753833,-0.16028493128697416,0.6917725891229569,5
0.2022197611907776,0.05040422137027313,-0.02255045847413307,0.08748868925624013,0.9999935982729901,0.34308621038344767,2.496222528064995,17
0.473572902160409,-0.040675275150959436,0.01690163587425091,-0.23308000486561056,0.936529717017572,0.13199614095313406,-0.7293706410203628,17
-0.8289221744938218,0.20220338223899406,-0.4565234963063568,0.33786890157495847,-0.10443709453821275,0.32262701454435644,-0.7686685200412063,2
1.1519557545844876,0.08076405354401732,-0.23953697739024493,-0.31393102881836804,0.47768125717901394,0.6519529649413819,1.4883635764112046,20
1.1790910686814506,0.020044389196528938,-0.6143318736998927,-0.43673142973511486,-0.4342405598096071,-0.7690041324102288,0.0703607750355392,11
-0.36762183484544836,-1.285428394274471,-0.23953697739024493,-0.26809065725590536,0.6349670191054406,0.3017784744224515,0.06311755924284863,19
-0.36762183484544836,-0.5264325899308665,-0.4170714019579728,0.38267219791664997,-1.0553850046040691,-0.7192169705704577,-0.23734043875534286,12
0.14794913299685133,0.6879606970189011,-0.6340579208740846,0.524372381793192,-0.4591439293115448,1.3272423404984863,-0.7303525032557919,2
0.44643758806344586,-0.31391376471465715,-0.20008488304186095,-0.07741440445329167,-0.023981037761507555,1.0541544410204566,1.6809389858426864,8
1.043414498196635,-0.19247443601968037,-0.20008488304186095,-0.016680597620143362,0.037340748474828635,-0.6018703892706891,0.8810123575705577,8
2.4273155171417553,-0.4049932612358897,-0.6143318736998927,-0.5673909325836279,0.25406718079516455,-0.5973229992986444,-0.4711030352722695,6
-0.4218924630393746,-0.7085915829733316,-0.2789890717386289,0.5292588109325286,1.0772169576466544,-0.42439263220385415,1.4369037981358126,4
-0.8017868603968585,0.6272410326714127,-0.6537839680482767,0.764247561589758,-0.19352706014243318,-0.002513344658505997,0.9058127951270989,18
-1.3716284564330845,-1.255068562100727,-0.8115923454418126,-1.068155909363101,0.8636703434218179,0.6326647467784838,0.24303817066068453,16
1.3147676391662664,-0.37463342906214553,-0.23953697739024493,-0.22669910080103173,0.5087250202149585,0.3381851690754024,1.4389664192547067,20
1.2604970109723401,-0.5264325899308665,-0.06200255282251704,-0.6656348032790033,0.46878577701782526,0.5941416864132676,3.176375977841503,20
0.9891438700027086,0.020044389196528938,-0.5551537321773167,0.0015090748088355884,-0.35671226291620917,0.13100776175231535,0.0978370466239855,11
1.7760679788146398,0.839759857887622,0.13525791891940284,0.16021570496309018,0.5514262467156406,-0.712944357225104,-0.15148827394772282,1
-1.263087200045232,-0.37463342906214553,-0.5551537321773167,0.49967235277598243,0.555944710052948,0.22237570484961283,-1.2005674670613433,14
-1.1545459436573795,0.17184355006524987,-0.5946058265257007,0.767055851256508,-1.6025698004733038,-0.3282164839400096,1.5359988910125584,18
-0.5304337194272272,2.5399104596172966,2.916630570480473,-0.682184981980996,1.0060344811443278,-0.09387312115848953,0.31248507055677166,0
1.1248204404875244,-0.5567924221046107,-0.16063278869347697,-0.6753571942113508,0.4002115142441969,-0.1486983124314623,1.7577661006658591,20
-1.1816812577543425,2.7524292848335055,2.896904523306281,-0.5208824810163313,0.9950347088371679,-0.7883725122066745,0.02174925747551386,0
0.9077379277118193,-0.9818300725370293,0.13525791891940284,0.563405824319896,1.0495307473559914,0.026077926582023486,-1.4982040548503186,15
-1.3173578282391583,2.023793312663645,3.0547129006998173,-0.48885962862749505,1.0458270157564482,-0.7411071981712505,0.09403194741507799,0
-0.5847043476211534,0.505801703976436,-0.6537839680482767,0.93043017736871,-0.35329970017558326,0.5092332817092842,-0.532670101943653,2
-0.7203809181059692,-0.010315442977215249,-0.6143318736998927,0.6586238988040208,0.7929202048444989,-0.06711941732026608,-0.8329407713875353,14
-1.3173578282391583,2.114872809184878,3.0941649950482013,-0.6385435864227483,0.8695577911815192,-0.9375663136665696,0.39164697854905034,0
-0.9374634308816743,0.8094000257138778,-0.5551537321773167,1.1086607576745051,-0.6618812114406375,1.1052562871085594,0.3376518704789389,18
1.7217973506207134,-0.4049932612358897,-0.6143318736998927,-0.25263297295372017,0.3913804198229976,-0.1410147690301607,-0.6184563675447133,6
-0.6118396617181167,2.0845129770111335,2.936356617654665,-1.125389087466688,0.5080654475334486,-0.7882521075737328,-0.614602980679194,7
-1.263087200045232,-0.31391376471465715,-0.5946058265257007,0.6733988917492703,-0.46343973128397536,3.022504300800914,-0.5542577735598077,13
-1.263087200045232,-1.4372275551431921,-0.8115923454418126,-0.5117746036630937,0.8844590382702445,0.3001775902069207,0.16774726581312396,16
-0.3947571489424115,0.8094000257138778,-0.5354276850031248,1.5826741069999373,-1.0326545474270636,0.7563291035368157,-0.054282020757805374,18
1.640391408329824,1.0219188509300872,-0.0028244112999410795,0.15537577185931403,0.44640859649831965,-1.1524276474995132,-0.096114209146453,1
0.473572902160409,-0.37463342906214553,-0.6340579208740846,-0.7545915698108511,-0.6109388355911683,-0.40226349300154135,-0.024836217905481135,11
-1.263087200045232,0.17184355006524987,-0.5748797793515087,0.12626558747020156,-0.17010329304686828,1.4656000659601707,-1.1394032365605558,10
-0.5575690335241903,0.505801703976436,0.6086830511000105,-1.0514003881016896,-2.3096805363552075,1.0717998079799422,-0.6149317789655315,3
-0.3404865207484852,0.20220338223899406,0.5495049095774346,-1.3701451440494137,-2.406709185673658,3.0583698852719876,-0.4642597424313739,3
1.2062263827784139,0.8701196900613662,-0.0028244112999410795,0.3515479486043996,0.5340169035330535,-0.9639205910819026,-0.19408581271718847,1
1.8032032929116029,0.991559018756343,0.09580582457101885,-0.08131775992880362,0.5450869045852086,-0.9838847110627983,0.22567656528215227,1
-1.2359518859482688,2.7524292848335055,3.0941649950482013,-0.8245120206244907,0.9522051517194292,-0.36894332261891216,-0.011768998256431093,0
-0.6661102899120429,-0.07103510732470363,-0.4565234963063568,0.6212886986263246,-0.8435362751515719,1.6839891833862148,-0.8773765686822314,13
1.7489326647176766,-1.285428394274471,-0.04227650564832505,-0.23498712201573993,0.8071918731944312,0.19070752919451847,-1.1482980726129632,21
-1.3716284564330845,0.4147222074552034,-0.5157016378289327,0.8292522010773714,-0.0902126294979511,0.15320274709859402,-0.9437944740676861,10
-0.8017868603968585,-0.28355393254091293,-0.5946058265257007,0.28740129732055764,0.6950809661937533,0.8360458573861168,-0.9637509988986854,14
-0.6389749758150798,0.32364271093397085,-0.6537839680482767,-1.072786294295265,-2.0909421834454913,-1.224546434181937,0.6327123856094558,9
0.7991966713239667,0.5361615361501801,-0.02255045847413307,0.3732810245405202,0.4211577893033934,-0.4054013052908298,0.029577998233795876,1
0.9348732418087824,1.2647975083200407,-0.02255045847413307,0.0651281147164693,0.310913767521041,-0.3345777358341509,0.29824077663796006,1
-1.2359518859482688,-1.3765078907957038,-0.8510444397901965,-2.869843965338156,0.934266024642215,0.1133550965749022,0.16952551705133728,16
0.5007082162573722,0.05040422137027313,-0.20008488304186095,-0.5710991425341556,0.5038341309665554,-0.9871743977985679,3.0535187799963714,20
-0.6118396617181167,-0.16211460384593618,-0.6537839680482767,-0.0882382444316347,-0.7256012919668863,3.5504702606560676,-1.137826249706973,13
-1.1545459436573795,-1.1336292334057503,-0.8313183926160046,-2.634659964803205,0.8461610617330156,0.8081293539622695,0.09030288365342137,16
0.9620085559057455,0.7790401935401337,-0.06200255282251704,0.43377371748356724,0.5062332984523757,-0.8507130596722965,-0.07715909472923821,1
-1.07314000136649,-0.7996710794945642,-0.3578932604353969,0.41090729797339515,-1.0260394495800806,-0.10099661859918872,-0.24728754722790244,12
-0.23194526436063265,0.26292304658648247,0.5297788624032426,-1.4629636706620135,-2.357516379264321,0.6854326693874883,-0.3929210152348964,3
-0.3947571489424115,-0.7996710794945642,-0.4367974491321648,0.191916491333853,1.0941871780149008,-0.2800964445074858,1.2400577110754054,4
0.3378963316755933,0.14148371789150568,-0.02255045847413307,0.24043094706758178,0.8681245395403293,0.4984414853975853,0.7496600801915488,17
-0.693245604009006,-1.406867722969448,-0.2592630245644369,0.5464991471344522,1.2467924379312663,-1.1699094769111456,1.5682842127411163,4
1.7760679788146398,0.5361615361501801,-0.02255045847413307,0.3865720447774939,0.4779962353293253,-0.04858383251033952,-0.22025259827523902,1
0.22935507528774074,0.05040422137027313,0.6086830511000105,-1.0321480366218976,-2.447687941886583,2.9273304283621173,-0.3855618925867149,3
-0.2862158925545589,0.32364271093397085,-0.02255045847413307,1.3567758343537377,0.9904657379630021,0.5359423138132464,-0.5768594244845483,17
-1.0188693731725638,-1.1032694012320061,-0.06200255282251704,-0.8574788695305176,0.9532797559871075,0.8756466250963355,0.05141928322669462,19
1.7489326647176766,-1.0729095690582617,0.09580582457101885,0.7011542566779845,1.0227454916238747,-0.5891569574929286,-1.4802855832233917,15
1.1519557545844876,0.14148371789150568,-0.20008488304186095,-0.9833168171704871,0.5547462403643536,0.5856069473216658,3.2030415411636994,20
2.020285805687308,-0.4353530934096339,-0.5354276850031248,-0.11378653715887709,0.4846800310225661,1.8910226491639177,-0.15338159005280136,6
1.830338607008566,-0.6782317507995874,-0.2789890717386289,0.3817382921122367,-0.3831722771912574,-0.4470036274652391,1.4181476966158213,5
0.41930227396648273,-0.28355393254091293,-0.5551537321773167,-1.2859529738519728,-0.10746712384452438,0.3399072535126359,-0.4133807724209778,11
1.0705498122935981,-0.4353530934096339,-0.21981093021605294,-0.15652846331592873,0.4610710943171042,0.4945150799095487,1.5886109659187853,8
-0.36762183484544836,0.11112388571776151,-0.5551537321773167,1.0811761644713203,-1.1940143824175473,1.1243683672833111,-0.5939256688385898,13
-0.5575690335241903,-0.8603907438420525,-0.33816721326120486,0.13847355230776873,1.2212943730813912,-0.8541598911512043,1.903824650695883,4
-1.0188693731725638,-0.19247443601968037,-0.5551537321773167,0.7104631941905842,0.7416769045849195,0.09025003430784298,-1.0970576441067508,14
1.5589854660389346,-0.46571292558337807,-0.47624954348054876,-0.4330016876802092,0.22544201957801857,1.2366575811071712,-0.4479982262053132,6
-1.263087200045232,-0.9211104081895409,-0.8510444397901965,-0.5775755529801417,0.9852848691081034,1.2822706833202153,0.1251737434550204,16
-0.2862158925545589,2.509550627443552,3.0349868535256252,-0.5427790422508085,1.0397404604741771,-0.687672099680049,0.2561037405286074,0
-0.7746515462998954,0.4147222074552034,-0.5157016378289327,0.6735213920179328,-0.3108979785243649,1.2797056808914749,-0.8824094055387132,10
-0.9374634308816743,-1.3765078907957038,-0.7721402510934285,-0.19815872370335438,0.8919314434508255,1.4396703558279822,0.14266371526538218,16
0.31076101757863017,0.08076405354401732,-0.2592630245644369,0.07262337606372167,0.4597604963972133,-0.3045363080529748,1.0894961607652773,8
-0.8289221744938218,-0.2531941003671688,-0.5157016378289327,0.7835132308414974,0.8340124159179796,0.550088686510328,-0.8820122299181351,14
-0.3947571489424115,0.14148371789150568,-0.4565234963063568,0.6006844141222191,-0.5431256135571721,2.4586702930866875,-1.2100570344764692,13
-0.883192802687748,2.175592473532366,3.0744389478740093,-0.6406721735524646,1.0353255213581058,-0.5454911794514272,0.24164721054404323,0
-0.5847043476211534,2.5702702917910405,2.936356617654665,-0.6731451189852602,0.9437195999989691,-0.8210501367559525,0.3312419669547701,0
-0.7746515462998954,-1.3765078907957038,-0.2987151189128209,0.556479563007057,1.0984435851591112,-1.0318965465927503,1.8276151797304006,4
-1.1816812577543425,0.7790401935401337,-0.4959755906547408,-1.1760109073461267,-2.3223532294595723,-0.8328528658689637,-0.12355533839606474,9
-0.9103281167847111,0.7183205291926452,-0.47624954348054876,-0.9529348426590922,-2.356295249131802,-1.1561875642268127,0.10127475758352272,9
-0.7746515462998954,0.20220338223899406,-0.47624954348054876,-1.3442102500274695,-2.2972046351207167,-1.0767463612039767,0.014651264257652773,9
0.3378963316755933,0.14148371789150568,0.0366276830484429,3.4313805745545842,1.0427228711977012,0.3153164873393607,-1.125305909582726,17
0.22935507528774074,0.29328287876022663,-0.5946058265257007,1.1903895830686304,-0.5065939103161851,0.0675054414319914,-0.6686546969778975,2
0.25649038938470387,0.14148371789150568,-0.21981093021605294,0.10421607662596749,0.34578254525206487,-0.5191480096300641,1.237566185061383,8
-0.3947571489424115,2.2666719700535984,3.0744389478740093,-0.07363483691983895,0.4161819324813856,-0.9935760382733552,-0.6623349371670786,7
-0.3947571489424115,-0.7389514151470757,-0.6932360623966606,-0.9701963309639178,0.8753662535452347,1.7312381872135283,0.11458981000907367,16
0.41930227396648273,-0.19247443601968037,-0.23953697739024493,-0.1486524601786044,0.1357580760382299,0.12608207507108096,1.311846437992436,8
-0.7475162322029323,-0.4353530934096339,-0.5157016378289327,0.7180815071039772,0.4742086948804124,0.4993295284684753,-1.1173175807850022,14
-0.4218924630393746,0.29328287876022663,0.5495049095774346,-1.5345293880748079,-2.4157310709314683,1.5839275762764367,-0.22974364285381899,3
0.853467299517893,0.7486803613663895,-0.04227650564832505,-0.10856371811162144,0.6086097173610372,-0.9388092225275725,0.12713119511971233,1
1.1790910686814506,-0.10139493949844781,-0.21981093021605294,0.011113143519840444,0.4151424109356589,0.6055536282012454,1.930541877450648,20
1.5318501519419714,-1.255068562100727,-0.04227650564832505,0.7802815998409363,0.9967426481573458,0.10973909074430363,-1.380257524204198,15
-1.263087200045232,-1.0729095690582617,-0.21981093021605294,-0.529831820966082,0.6280809970762787,0.8398305612367705,0.051479368364463526,19
1.2876323250693031,-1.0729095690582617,-0.4170714019579728,0.38423015277763173,-0.13126055584612883,0.05425061086391389,1.1638363242155885,5
0.853467299517893,-0.5567924221046107,-0.08172859999670903,0.26721282106400146,0.30499970053000386,-0.29987086062638524,1.2075511622467965,8
1.1519557545844876,-0.8300309116683083,-0.4170714019579728,-0.20022973962494928,-0.671102255849567,1.0399887200644393,0.6230391113370447,5
-0.9917340590756005,0.6576008648451569,-0.47624954348054876,-0.20906596514561057,-0.6319026244012899,-0.04810591097610158,0.27118738014923444,18
-0.7746515462998954,0.20220338223899406,-0.5946058265257007,-1.1847380310957747,-0.45479938953915466,0.3449893953416135,-1.1219439430395897,10
-1.2088165718513058,2.691709620486017,3.0349868535256252,0.3204758874741776,0.5175861593095366,-0.318346988265975,-0.6007331632479799,7
-1.2359518859482688,-1.1639890655794944,-0.20008488304186095,-1.446580363800032,0.7520272660560026,-0.976224143958424,0.084109421590777,19
0.7991966713239667,-0.040675275150959436,-0.18035883586766896,0.15943176782421112,0.24423224868608773,0.8835333858753109,1.7054150986208316,8
0.5007082162573722,0.32364271093397085,-0.02255045847413307,2.8751313912331597,1.036652221100322,0.6635989375279219,1.5138086491177611,17
-0.9645987449786374,-0.5264325899308665,-0.4170714019579728,0.42916842052451876,-0.7833126268227469,-1.0600869330438274,-0.2262775753034856,12
-1.3444931423361215,-1.255068562100727,-0.3578932604353969,0.42231135295200134,1.101244887868303,-1.1641473710364862,0.5027270110095109,4
-0.5847043476211534,2.0541531448373895,2.916630570480473,-0.5435952361989436,1.0282853867609458,-0.5035745282028566,0.3664477541523916,0
1.043414498196635,0.020044389196528938,-0.20008488304186095,-0.21530697353715797,0.5440506324955119,0.27011220026280514,2.309959979739945,20
0.17508444709381446,0.4147222074552034,-0.4565234963063568,1.326664086177152,-0.21559336092059406,1.3760417412192358,-0.7074371945608574,2
-1.1545459436573795,2.023793312663645,2.916630570480473,-0.30372861923357175,0.5049364103816488,-0.5365661229812848,-0.6117656192510256,7
-1.1816812577543425,-1.1639890655794944,-0.3184411660870129,-0.11307223282938364,1.0990433239429487,-0.37237828922594507,1.2977246207686424,4
-1.290222514142195,0.7486803613663895,-0.5946058265257007,-1.0623752481486148,-0.12409640408501077,0.5277956470840662,-0.9559319325515152,10
-0.36762183484544836,0.7183205291926452,-0.5551537321773167,0.06387380663101681,-0.12172807365857358,0.7747422455762999,-0.9536328281316637,10
-1.1816812577543425,0.20220338223899406,-0.4565234963063568,0.5248958229977577,0.5092571161707297,-0.0973013080211714,-0.8622086427078841,14
0.853467299517893,0.7183205291926452,-0.04227650564832505,0.6571539782746914,0.4836085729538186,-0.7313917670475903,-0.13862936945130944,1
1.7760679788146398,-0.46571292558337807,-0.2789890717386289,-0.45618015928354033,-0.9594466434088403,-0.5783445767586997,1.4554633774369674,5
1.640391408329824,-0.7389514151470757,-0.33816721326120486,0.08865549264940352,-0.8577422028487905,-0.43105295268147636,1.0530162514233288,5
1.4504442096510821,-1.0121899047107734,-0.4367974491321648,0.31865537128225646,-0.8289365194891173,1.3017539905743292,1.3146306810156836,5
0.9891438700027086,-0.16211460384593618,-0.20008488304186095,-0.35314795102162627,0.427550550371947,0.8786409428002161,1.5799451113015133,8
0.8263319854209298,-0.5871522542783548,-0.3578932604353969,-0.08496517161204004,-0.41097744639482886,0.22212092361481436,0.5740651712415158,5
-0.6118396617181167,-1.406867722969448,-0.7721402510934285,1.7685574681250562,0.9300113746644735,0.32810348745247725,0.22033652390076966,16
-0.503298405330264,0.05040422137027313,0.05635373022263488,0.7871305062418507,0.9759890741911035,0.12789452332261933,-0.7414826597700824,17
-0.7746515462998954,-0.7085915829733316,-0.7129621095708526,-1.9350477446165173,0.9470029854143206,-0.15301801715960803,0.2834533536725209,16
0.2022197611907776,0.6576008648451569,-0.4565234963063568,-0.06959083364402051,-0.45119156088900925,1.006249319100804,-0.6330783005469822,2
-0.503298405330264,2.297031802227343,3.0152608063514332,-1.8206383650037554,0.5202341485708922,0.017515917823646754,-0.5801506274223743,7
-0.6389749758150798,-1.2247087299269828,-0.8313183926160046,-2.411710515426727,0.8951636398324615,1.0999405959207722,0.14142459685644776,16
-1.3173578282391583,-0.46571292558337807,-0.2987151189128209,1.3344482529991402,-0.8163568062603433,-2.276219087092334,-0.24074176867599356,12
-1.3173578282391583,2.7220694526597615,2.916630570480473,-0.5703361665129799,0.8546031458060914,-1.0271666079494446,0.11702477417754598,0
0.853467299517893,-0.8907505760157967,-0.4367974491321648,-0.25530283379251595,-0.8010913089780931,-0.4908726905669298,1.4725943281348752,5
-0.0691333797788538,0.354002543107715,0.5889570039258185,-1.6090172262701645,-2.5624949788531737,1.771618981815258,-0.5522113826856931,3
-0.883192802687748,-0.9818300725370293,-0.2592630245644369,-0.45861777621488153,1.056209809384631,-0.13443242774436556,0.1398152162685073,19
-0.7203809181059692,-0.4960727577571223,-0.5354276850031248,0.9774877999814665,-0.5921522577439302,-0.8372337492018742,-0.7403743249860749,13
1.8032032929116029,0.08076405354401732,-0.6537839680482767,0.07540274033312204,0.2530962924477721,1.1422100403421824,-0.2607048653473572,6
0.5278435303543353,-0.10139493949844781,0.09580582457101885,2.3336977507554564,0.854471184579623,0.5874069419911857,1.2531470945425682,17
0.14794913299685133,0.11112388571776151,-0.0028244112999410795,1.172044346304711,0.9711430788848914,0.04123590762849759,-0.7244682227269861,17
-1.2088165718513058,-1.3765078907957038,-0.7326881567450446,-0.24680418346935296,0.941873315469903,0.1623340130242052,0.2954521135836892,16
-0.31335120665152205,0.354002543107715,-0.4959755906547408,-0.03441896415070971,-0.10283635494307386,1.547923375468857,-1.135470694033294,10
-0.8289221744938218,0.47544187180269176,-0.6537839680482767,-0.426625987470044,-2.1838518630640307,-0.6892044444984886,0.07206896423468315,9
-0.041998065681890656,0.4450820396289476,-0.5157016378289327,0.5826027211801008,-0.4437350694232536,0.83419840195207,-0.7267463498251185,2
-0.44902777713633774,-0.19247443601968037,-0.5748797793515087,0.3355666498327265,0.6299307303924714,0.12127322500513579,-0.9149165668053657,14
-0.8017868603968585,0.26292304658648247,-0.47624954348054876,1.5517766772217376,-0.38984447890798835,0.4770373880702843,-0.6911674407066087,2
1.8846092352024923,-1.0121899047107734,-0.2789890717386289,-0.4016210220349888,-0.9361991074498978,0.5520522085114744,0.48980713846048984,5
-1.2359518859482688,-0.6478719186258433,-0.2987151189128209,1.3219744505484774,-0.8452305082141358,-0.8058898659973635,-0.18342950008092948,12
-1.263087200045232,-0.5264325899308665,-0.5157016378289327,0.393678523267165,0.6606839162775736,0.6882036373592559,-1.085020827546581,14
-1.100275315463453,2.509550627443552,3.0744389478740093,-0.8684682385457277,0.9310732872877786,-0.2523812416415207,0.043724569450260105,0
-0.5304337194272272,-0.8603907438420525,-0.20008488304186095,-0.12732546799629524,0.9422548100480073,0.03005670428622968,0.10850592833694038,19
-0.31335120665152205,0.505801703976436,-0.6537839680482767,-0.9532841801820797,-0.33738675214637376,-0.13724794485565772,-1.0099577114533569,10
0.9077379277118193,-0.5264325899308665,-0.3973453547837808,0.22163202201257462,-0.7122546195708966,-0.4519887764249236,0.6762634987795932,5
-1.07314000136649,-0.37463342906214553,-0.5748797793515087,0.24605659918244444,-1.3289886106479052,-1.7138373047049433,-1.0788753437383771,13
-0.44902777713633774,0.020044389196528938,-0.47624954348054876,1.103091243394319,-1.3404306151549346,-1.848915816341659,-0.6302668126707824,13
1.3419029532632294,0.6879606970189011,-0.06200255282251704,-0.008344099636790807,0.2030984110842033,-1.1283749994303167,-0.012092662758587846,1
-0.9374634308816743,-1.406867722969448,-0.7918662982676206,-0.5547316067179007,0.8616246954721544,-0.06815874868155314,0.23749604291441614,16
-1.1816812577543425,-0.2531941003671688,-0.5157016378289327,-0.020292399424101815,-1.1935850344589896,4.408790305283572,-0.5297714372317172,13
-0.23194526436063265,0.6272410326714127,0.6875872397967785,-1.2504910391903008,-2.5651013209347053,1.3682443392331276,-0.6852170296017178,3
-0.693245604009006,0.11112388571776151,-0.5748797793515087,-1.6647371774585586,-2.3141287678049127,-1.158657341193717,-0.28111565713873643,9
-0.2862158925545589,0.354002543107715,0.01690163587425091,1.9136627881321897,0.8819333965504406,0.26130439927330235,1.0996481789657486,17
-0.17767463616670637,-0.19247443601968037,-0.06200255282251704,2.5837698055039167,1.0469090504948038,0.13486834280587032,2.086155639632258,17
0.14794913299685133,0.6576008648451569,-0.6537839680482767,0.9041600078473212,-0.5096147883498077,0.8663897991736907,-0.6744617759352188,2
-0.7746515462998954,0.05040422137027313,-0.6340579208740846,-0.3574955242851115,-0.15195270126592578,0.05425752341923176,-0.976997271457952,10
-0.9917340590756005,0.4147222074552034,-0.5157016378289327,-0.3511847944827984,-2.0948580792033766,-1.0843759744143273,-0.34214593559812034,9
-0.5575690335241903,2.023793312663645,2.995534759177241,2.4516170563359707,0.48623025140830584,-0.30511529362338924,-0.6866528695856208,7
1.0705498122935981,-1.1639890655794944,0.07607977739682686,0.2834979004977349,0.8963349802894374,-0.032907312760879916,-1.4514093210129468,15
-0.5575690335241903,-0.7085915829733316,-0.2592630245644369,-0.118270099758974,1.0853433784810107,-0.6026218592506895,1.1342495896745193,4
0.3650316457725564,-0.2531941003671688,-0.10145464717090101,0.00401499159101554,0.5437456577134339,-1.199068576324009,1.9362392956201868,20
-0.8017868603968585,-1.1032694012320061,-0.6537839680482767,-0.32024729128466306,0.9037489028935193,1.2542473858332728,0.27354316573728454,16
1.3690382673601926,-1.3157882264482152,-0.02255045847413307,-0.01323895575187135,0.534336270110098,0.591478029701144,-0.8344974473800436,21
0.6363847867421879,-0.131754771672192,-0.20008488304186095,-0.4519270488740926,0.0015328478718031615,1.2951420937407265,1.1103817750259193,8
1.3690382673601926,1.1737180117988082,-0.06200255282251704,0.5155336006149334,0.41420806662265136,-0.9140663328872544,-0.09908799601445553,1
-0.6389749758150798,0.26292304658648247,0.5692309567516266,-1.4593708059264445,-2.545783880829564,0.1310043840119094,-0.6051575080756144,3
0.09367850480292504,0.23256321441273825,0.5692309567516266,-1.3383588849113537,-2.5230908040694486,-0.34128337166840617,-0.471263480215668,3
-0.014862751584927517,0.17184355006524987,-0.02255045847413307,2.984995797644549,0.9282375065840838,0.35009161205874595,1.935650747571649,17
0.5007082162573722,0.3843623752814592,0.01690163587425091,2.8342561347115858,0.84192231514439,0.06803978847088628,-0.20613744474842197,17
-1.3716284564330845,0.47544187180269176,-0.5354276850031248,0.05116685063205883,-0.4280029748571776,0.7650589278885487,-1.2144853671543152,10
-0.6118396617181167,0.4147222074552034,-0.5354276850031248,-0.7504502881260166,-0.3450538562203145,-0.2845679432293167,-1.0336667756856788,10
-0.3947571489424115,-0.31391376471465715,-0.5157016378289327,0.4365948051274993,0.7070879886114609,-0.10720408050408502,-0.8199629049392912,14
-0.8017868603968585,-0.6782317507995874,-0.3184411660870129,1.924929542473752,-0.8974442716712238,-1.557078337832445,-0.23928467325401623,12
1.0976851263905611,-0.37463342906214553,-0.21981093021605294,-0.2212759875041249,0.5292841386154407,-0.43579838423465195,1.6148580105092853,8
-0.7475162322029323,0.17184355006524987,-0.5748797793515087,-0.7134973103659064,-2.089551701343903,-0.7940349217426899,0.47498908813605384,9
1.0976851263905611,-0.5567924221046107,-0.18035883586766896,-0.35745530516512847,0.4041131663586075,0.6347208622857098,1.870047744934559,20
-1.263087200045232,-0.4049932612358897,-0.4367974491321648,0.3885032890679898,-1.0257290762474676,0.3144191730414972,-0.1383674485989737,12
1.3419029532632294,0.6272410326714127,0.07607977739682686,-0.0343781386035004,0.4544666436239224,-0.8129205949790753,-0.126845540733452,1
1.0162791840996719,-1.4675873873169363,-0.02255045847413307,0.05027552665110862,0.6849949622022571,0.24061057115522602,-1.1329474789433573,21
0.8263319854209298,-0.2531941003671688,-0.4959755906547408,-1.2370226094557968,-0.151844902200765,-0.3594455137545059,-0.3496353334767138,11
-1.1545459436573795,-0.8300309116683083,-0.23953697739024493,-1.3439477005100493,0.7176689335116809,0.42263369410392,-0.01697280991622622,19
-1.3444931423361215,-0.5567924221046107,-0.2789890717386289,1.0207563491171034,-1.1098519205803075,-0.25595740035156267,-0.20442014755695645,12
-1.0460046872695268,-1.3765078907957038,-0.7524142039192366,-1.862835430080278,0.899146698048428,1.9436613211634992,0.0723425659739418,16
-1.2359518859482688,0.05040422137027313,-0.5946058265257007,1.555319334508363,-1.1541001337237347,1.0832620800155064,0.42239893330960365,18
0.5821141585482615,-0.37463342906214553,-0.23953697739024493,-0.29743791925000773,0.41103085509549986,-0.36533673615059387,1.3352644699203609,8
0.28362570348166705,-0.37463342906214553,-0.08172859999670903,-0.24408408958565975,0.4802099826945452,0.08183801510186914,1.0271479725694614,8
-0.15053932206974321,0.14148371789150568,0.01690163587425091,0.8856839304714557,0.8497925362589717,0.4520455034113408,-0.5130577400088884,17
0.853467299517893,-0.22283426819342456,-0.14090674151928498,-0.4497792175245334,0.37618503500926964,0.13774480865679717,1.5253295127282167,8
1.2062263827784139,-0.7996710794945642,0.13525791891940284,0.5636458316772012,0.8887499629160223,-0.40024094163461,-1.501817154095998,15
1.2062263827784139,0.6576008648451569,-0.06200255282251704,0.6642987187782963,0.5182079008344693,-0.82231918383647,0.10133283278948922,1
1.1790910686814506,-0.8300309116683083,-0.4170714019579728,0.14902543723992304,-0.8601485619671262,1.2548466991434886,1.3435807710224923,5
1.1790910686814506,-0.4960727577571223,-0.14090674151928498,-0.16656220737498934,0.7023255772337187,-0.013142577795103992,1.3771488221327437,8
-0.9103281167847111,-0.31391376471465715,-0.5157016378289327,0.8765663424069169,-1.14552911520404,-1.24572781135218,-1.134956619869606,13
1.6132560942328609,-0.9818300725370293,0.11553187174521085,0.22199550031588838,0.7366065037667338,0.34953215863937187,-1.0183736871653633,21
-0.9374634308816743,0.5968812004976685,-0.5748797793515087,-1.4162345721235088,-1.6436443339313314,-2.2855630357309282,1.0881490189808758,18
1.640391408329824,-1.4675873873169363,-0.02255045847413307,0.4771982562407718,0.9004376398570487,-0.2546106575795456,-1.496486851334408,15
-0.693245604009006,-0.9514702403632851,-0.4565234963063568,1.5657030796163052,-1.1619205296962036,-0.6339379389905098,-0.14090132633164926,12
1.7217973506207134,-0.7996710794945642,-0.0028244112999410795,0.43535546870642966,0.9705624022595297,0.06969273330762968,-1.4029057511603684,15
1.043414498196635,-0.37463342906214553,-0.20008488304186095,-0.4884821887155356,0.1466459769100108,-0.1648366567708063,1.7531825939770833,8
-0.6661102899120429,0.8094000257138778,-0.5946058265257007,-1.2373306469219594,-2.1586697177998486,-1.1401421837318158,0.024133820557726005,9
-0.7203809181059692,0.505801703976436,-0.6340579208740846,-0.08477302081371636,-0.11150369797049835,0.0947612013662393,-1.2444614038401256,10
-1.100275315463453,0.505801703976436,-0.5748797793515087,-0.14968225433482027,-0.10935723293138364,1.0198316474610227,-1.1248485011262228,10
-0.2048099502636695,-0.10139493949844781,-0.0028244112999410795,0.5262566870412249,0.8958153196310659,0.1996441402186063,1.3791313642945255,17
1.6675267224267871,0.5968812004976685,-0.0028244112999410795,0.7156342562491993,0.265029987509608,-0.9786396242271959,-0.2325393093835824,1
-0.014862751584927517,-0.19247443601968037,-0.0028244112999410795,-0.19150503764636834,0.8621016754818178,0.3051358679327238,2.0877521566566624,17
0.853467299517893,-0.31391376471465715,-0.20008488304186095,-0.4574267708624082,0.4496826272693906,-1.7472838906937052,2.5258835336787917,20
-0.8560574885907849,0.05040422137027313,-0.5551537321773167,0.35910825714736716,0.7357434432169122,0.9085690470715319,-0.8861509852639362,14
1.2062263827784139,1.0522786831038313,0.07607977739682686,0.47131034600858424,0.33599402720926297,-0.3044033259662481,-0.1595174050886162,1
-0.5304337194272272,-0.7389514151470757,-0.4367974491321648,0.5147395806389543,-1.0779848747719185,-1.8513153209837878,-0.1033753704469909,12
-0.5304337194272272,0.7790401935401337,-0.4565234963063568,-0.4766292259825492,-2.204597743927408,-0.7302008549563773,-0.7288413188410117,9
-0.31335120665152205,0.5968812004976685,-0.47624954348054876,0.009650880118703778,-0.4594673274049131,0.9580637349030433,-0.6214511162734211,2
-0.4761630912333009,0.17184355006524987,-0.5157016378289327,-0.5841863973162829,-2.2367642999725863,-0.6727778339598188,0.3444534105790477,9
-1.2088165718513058,0.5665213683239243,-0.6537839680482767,-0.5148506526084375,-0.2113533438206994,1.5277703510458134,-0.8905752866188374,10
-0.2862158925545589,-0.2531941003671688,-0.5946058265257007,0.9504817625234926,-0.7278072856218136,-1.54845365379189,-1.319305582700399,13
0.5821141585482615,-0.4049932612358897,-0.20008488304186095,-1.0228416862696081,0.48446724507690697,1.4285611962223883,2.5774336006372756,20
-0.7746515462998954,0.505801703976436,-0.5748797793515087,-1.4514190210439293,-2.259998426874785,-1.2236681463318246,-0.6184782803487185,9
0.25649038938470387,0.05040422137027313,-0.06200255282251704,-0.8270941838168799,0.534807003065234,-0.6871496558238829,3.3491303292989603,20
1.7489326647176766,-1.1032694012320061,0.13525791891940284,0.3876527020328681,1.0191933715258,0.38656012766180375,-1.3709200576961287,15
0.3921669598695196,0.20220338223899406,-0.5157016378289327,-0.047593818133266054,0.04955369562839816,0.1700412606286877,0.08113978645973331,11
-0.693245604009006,0.5361615361501801,-0.47624954348054876,0.5682258851184888,-0.4924141542532223,0.9116599004684979,-0.5190534242364759,2
0.3378963316755933,-0.5567924221046107,-0.6340579208740846,-0.7053062564709228,-0.2721166959088173,-0.2572097553924422,-0.35867349567417917,11
1.3419029532632294,-0.040675275150959436,-0.5748797793515087,-0.4232622360598189,0.49523060307140865,1.825765661023961,-0.1809857978931031,6
-0.4218924630393746,0.11112388571776151,-0.4565234963063568,0.2926246853855682,-1.3088825175078644,2.3836603215227465,-0.587963913169301,13
-1.3444931423361215,0.4147222074552034,-0.5354276850031248,0.37644648409229303,-0.4884592829807296,0.09928559588592861,-1.00745197458486,10
-0.7475162322029323,-0.9818300725370293,-0.4367974491321648,0.16646785153262506,0.9891879511088709,-0.7308877200641228,0.8325380465044081,4
-0.503298405330264,-1.2247087299269828,-0.121180694345093,-0.41507325543713974,0.9678563407564101,-0.8783047138611287,0.0576142877528399,19
0.9891438700027086,-0.16211460384593618,-0.4565234963063568,-1.3694706788384263,-0.4506483347157877,0.23356822121408297,-0.17882387159161917,11
-1.3444931423361215,0.26292304658648247,-0.4959755906547408,-2.003168636418101,-2.381287522996503,-1.1059345347248966,0.6471546314361507,9
-0.2862158925545589,0.26292304658648247,-0.5748797793515087,0.33719324319871374,-1.6736355434776904,-2.2681041979405654,-0.12616823245946382,18
-0.6389749758150798,0.23256321441273825,-0.5946058265257007,1.5156169830616886,-0.19479468560007443,-1.5421437205653987,0.09199170293060537,18
-1.100275315463453,0.7790401935401337,-0.5551537321773167,-0.12335961901374577,-0.20298338483170023,-0.11997529015969167,-1.1866398028833798,10
1.043414498196635,-0.8603907438420525,0.0366276830484429,0.28337205897256795,0.8947492143205732,-0.12502984434179532,-1.4255077163984264,15
-1.100275315463453,-0.28355393254091293,-0.47624954348054876,1.0599009529046877,-1.2747873684548026,1.9929080394302774,-0.82171801922499,13
0.663520100839151,-0.46571292558337807,-0.18035883586766896,-0.42580665506411997,0.6005415981787836,-0.33039348296586796,3.282869027613481,20
1.9660151774933818,-0.28355393254091293,-0.5354276850031248,0.034660001942964085,0.16110941973266416,1.4906579231888992,-0.21928813040798611,6
1.640391408329824,-0.37463342906214553,-0.5946058265257007,-0.38711420381036127,0.3012011712809732,-0.4704982281234489,-0.4090805389722631,6
-0.5304337194272272,0.5665213683239243,-0.6143318736998927,0.6068988913226091,-0.9851853412973077,-0.8183179904508526,-0.1289514199502004,18
0.12081381889988818,0.20220338223899406,-0.6537839680482767,1.4153102438338825,-0.11837847979095241,0.8801454598904238,-0.7155262487717154,2
0.8263319854209298,-1.0729095690582617,0.0366276830484429,0.2358956806396707,0.7547639500233152,-0.0562430995996909,-0.8122070628613878,21
-0.3404865207484852,-1.1943488977532386,-0.3578932604353969,0.25892986587933703,0.8882040264684085,-1.1532651010860306,1.663434542523346,4
-0.5575690335241903,-0.28355393254091293,-0.6340579208740846,0.8113368523048204,0.5151587352939364,-0.04021955884624993,-0.9556084724985302,14
0.17508444709381446,0.20220338223899406,0.7073132869709705,-1.280975308917768,-2.43125200203518,0.14423647708738993,-0.5085869266493439,3
-0.5304337194272272,-0.010315442977215249,-0.6340579208740846,0.6167838618503132,0.6464791239595067,-0.027869597476692362,-0.998701537671873,14
0.6092494726452247,-0.5567924221046107,-0.20008488304186095,-0.14180108672147335,0.4741974232456307,-1.8753460692910866,1.5005287386672566,20
-0.5304337194272272,-0.4960727577571223,-0.5354276850031248,0.3209025346239401,0.6728537495515615,0.3059509862906261,-1.2030346008704194,14
1.5589854660389346,-0.8907505760157967,-0.33816721326120486,-0.29161347517112357,-0.6839968129944227,-0.053546430423588864,0.7971369867016594,5
1.4504442096510821,-0.19247443601968037,-0.5946058265257007,-0.32364593785636314,0.24962203089646617,1.4808514207771442,-0.2309224747680157,6
-0.4761630912333009,-1.1943488977532386,-0.7918662982676206,-0.9012548998087159,0.9673589755505642,1.5459582086549926,0.1315241984714032,16
-0.503298405330264,0.05040422137027313,0.07607977739682686,2.358684515498039,0.9239553812389679,0.6307618772463586,1.0223577030138398,17
0.28362570348166705,0.17184355006524987,-0.6143318736998927,-0.4471343580263926,-0.5464076521407898,0.0007824130707960809,0.02831592840451314,11
-1.263087200045232,0.17184355006524987,-0.4565234963063568,0.4086968923910965,0.4725549516202688,-0.3150379507172113,-0.8881744359951478,14
-0.7475162322029323,0.17184355006524987,-0.4565234963063568,0.4364805447872226,0.7773122796343663,-0.19546421765096395,-0.8505968035815321,14
0.44643758806344586,0.20220338223899406,-0.20008488304186095,-0.15965554665643336,0.31936113162345825,0.878994816339175,1.070141405150508,8
0.7177907290330773,0.05040422137027313,-0.10145464717090101,-0.021656565345681472,0.20575611234919303,0.24228961462360263,1.6418249417327013,8
-0.6118396617181167,0.7790401935401337,-0.6340579208740846,-0.17782196220749405,-0.5004925515573821,-0.53845314075853,-0.9154222689209923,10
0.03940787660899876,0.20220338223899406,0.6086830511000105,-1.2120688260848695,-2.387566976907048,2.4344697255283028,-0.5060268568678137,3
0.6906554149361142,-0.4353530934096339,-0.47624954348054876,-0.26672246489381224,-0.7079694140216054,0.6666261706416131,-0.7132645050733468,11
-1.0188693731725638,0.6576008648451569,-0.5551537321773167,0.9747165338782426,-1.621886067039061,0.6458058617889482,1.3723609026512307,18
1.4233088955541189,-1.1032694012320061,0.05635373022263488,-0.09795722519529354,0.38651608156645595,-0.3370613213103202,-1.0776330307201893,21
1.1790910686814506,1.0826385152775755,-0.0028244112999410795,0.5809101315991678,0.5880833619893164,-1.04766440069818,0.1388346842259533,1
1.2062263827784139,-1.255068562100727,0.05635373022263488,0.030603590536038408,0.5726700571073586,0.2653364686542067,-1.0773765730625768,21
-0.2862158925545589,-1.1032694012320061,-0.6537839680482767,-0.8384595455881674,0.8769012578749873,1.7843060761570537,0.06611165187888547,16
-0.44902777713633774,-1.285428394274471,-0.7524142039192366,1.2091292160798155,1.0405958853859558,1.1344841762161033,0.21367739974673755,16
-1.100275315463453,-0.8907505760157967,-0.4170714019579728,0.3865827793269697,1.0544837277920522,-0.9774639739036907,0.7726560482682444,4
-0.31335120665152205,0.47544187180269176,0.09580582457101885,0.06312931088889207,0.9700248381669175,0.6271808785982709,2.516846025391266,17
0.9077379277118193,-0.8603907438420525,0.07607977739682686,-0.2436551368310852,0.44152376260539306,-0.4450529625871204,-1.0775889042590387,21
1.2876323250693031,-0.8300309116683083,0.01690163587425091,0.330965040660026,0.8582253801684638,-0.43887608679203616,-1.454358232382899,15
-0.9374634308816743,0.6576008648451569,-0.5354276850031248,-1.3984213708980622,-2.145954645288141,-1.0147343765722718,-0.2983113678393231,9
-0.693245604009006,0.505801703976436,-0.6340579208740846,-1.1763636550378043,-2.3573912568004536,-0.9125559325267081,0.05289901139024031,9
-1.263087200045232,0.17184355006524987,-0.5157016378289327,0.7340181212460912,-1.0062418307399073,3.116261986934419,-1.1097560467268555,13
-0.6389749758150798,0.47544187180269176,-0.5157016378289327,-1.514667441376982,-2.0879759679246264,-0.6915200713541082,-0.6239843226343063,9
0.28362570348166705,-0.37463342906214553,-0.2592630245644369,-0.12554269599246237,0.36179570160278185,0.4713975040401318,1.6789855685931423,8
-0.693245604009006,0.11112388571776151,-0.47624954348054876,0.4027055528451664,-0.5754068810569138,0.6399804727665399,-1.2097613955175173,13
0.473572902160409,0.14148371789150568,-0.20008488304186095,-0.46967303118554166,0.5215141244755344,-0.1756893839437416,2.1419435031905323,20
-1.1274106295604163,-1.1336292334057503,-0.23953697739024493,-0.3602175634613364,0.9659974242925107,-0.7413123157673458,0.06413834448973843,19
-0.31335120665152205,2.630989956138529,3.0547129006998173,-0.8841183571706539,0.41380193310480445,-0.15829321505041422,-0.621601736924821,7
1.0705498122935981,-0.22283426819342456,-0.121180694345093,-0.3210179677502628,0.4504637694726529,1.3140670892389548,2.667145737065273,20
-1.3173578282391583,-0.9818300725370293,-0.2592630245644369,-0.11430317771526088,0.9032952325006764,-0.23007951203625845,1.3891867293310212,4
-1.3173578282391583,-0.8907505760157967,-0.2789890717386289,0.6467279821217733,-0.7456625876876773,-0.00134801783346519,-0.15803630180430778,12
-0.2590805784575958,0.6272410326714127,-0.5946058265257007,0.6198372682206433,-0.4664413711731091,0.16003345893607324,-0.5470419852419267,2
-0.3404865207484852,-0.5264325899308665,-0.5354276850031248,0.47650157767923595,0.6046291889440115,0.1054094175316211,-1.2247153035897371,14
0.8806026136148561,-1.285428394274471,0.09580582457101885,0.7740930355909597,0.9652752549124984,-0.39576261464134405,-1.4821888693177883,15
-0.5575690335241903,2.2363121378798545,3.0744389478740093,-0.6121186775437165,0.9446687419522395,-0.44363159920825646,-0.04578642100628327,0
-0.5847043476211534,0.11112388571776151,-0.5551537321773167,6.404339174424422e-05,-0.9285845863805173,-0.7620732083145851,-0.9105463031490806,13
-0.17767463616670637,0.08076405354401732,0.01690163587425091,2.68245905761873,0.8906657058023317,0.05867862421096536,-0.7094557234147254,17
0.7449260431300404,0.14148371789150568,-0.08172859999670903,0.23457448638762832,0.4251537600441377,-1.7433334911170195,3.2920112178785375,20
1.4504442096510821,-0.9211104081895409,-0.02255045847413307,0.2702773813636747,0.6861623398313272,0.37877164955091425,-1.1011637446999012,21
1.2604970109723401,0.17184355006524987,-0.10145464717090101,0.14764187352277489,0.5668937781858167,-0.23922582901987308,3.0541327332191064,20
0.12081381889988818,0.3843623752814592,-0.5157016378289327,1.0440757914235492,-0.1177350021976081,1.6268641161272488,-0.6696125729964151,2
0.9891438700027086,-0.28355393254091293,-0.10145464717090101,-0.3415218078226885,0.6902894937787419,0.31273783475289,1.3471661837759066,8
1.5589854660389346,-0.5264325899308665,-0.5748797793515087,-0.5565964413203414,0.27365772111362247,0.9765905107703162,-0.7064255022090635,6
-0.4218924630393746,0.5361615361501801,-0.6143318736998927,0.8433782479781332,-0.22730077882329028,0.5850000241985643,1.7223334876622238,18
1.0705498122935981,-0.040675275150959436,-0.4565234963063568,0.07194715457648125,-0.09216390539695514,0.44537174859380707,-0.004150258083191545,11
-0.17767463616670637,0.32364271093397085,0.11553187174521085,0.8265591247079682,0.8962591801505021,0.34341737324740823,2.351038560296858,17
0.853467299517893,-1.0729095690582617,-0.0028244112999410795,0.6864586426939749,1.021379810979725,-0.40198229515500966,-1.3959617840186316,15
-0.9374634308816743,2.78278911700725,2.975808712003049,0.25730613335348,0.41983561716052376,-0.6638809908805192,-0.6210292385000419,7
-0.5575690335241903,2.7220694526597615,2.975808712003049,-0.3623980906892141,0.8611346314411382,-0.8626064986743341,-0.021586036311538742,0
0.25649038938470387,-0.5264325899308665,-0.10145464717090101,-0.4288682048857768,0.5228553197187598,-1.5166329319733167,2.11821792441267,20
1.3961735814571559,-0.131754771672192,-0.5354276850031248,-0.18040300705356874,0.6028177604202224,-0.28156765158607155,-0.24832439846903603,6
-0.7746515462998954,-1.3461480586219596,-0.08172859999670903,-0.1746537599507642,0.7838448934654629,-0.9315522436820014,0.1589949150085143,19
0.03940787660899876,0.29328287876022663,-0.5748797793515087,0.7836459576783876,-0.13894787990489252,0.5811353477145823,-0.6533893173228442,2
0.28362570348166705,0.4450820396289476,0.0366276830484429,1.8911903553340117,0.901501313687318,0.4079022903834626,2.5396610013828185,17
1.6675267224267871,-0.4353530934096339,-0.37761930760958884,0.10150038918426404,-0.36103932844473796,0.3227033897883777,0.8067364337233873,5
-0.2862158925545589,-0.9514702403632851,-0.37761930760958884,0.38370478203189073,1.2824134063705983,-0.9430420458981553,1.2946154126991294,4
-0.6661102899120429,0.08076405354401732,-0.5157016378289327,-0.503382788884523,-0.4934780646769327,0.6861358970615153,-0.9249094500650485,10
1.7217973506207134,-1.0121899047107734,-0.4367974491321648,-0.010404268780494422,-0.39264111484522163,1.0282973912563564,1.6395047073818287,5
-0.6389749758150798,-1.3157882264482152,-0.2987151189128209,0.43354014455540524,1.170277522375413,-0.010119051895172863,0.9205766354990347,4
0.22935507528774074,0.26292304658648247,0.6875872397967785,-1.384691943154756,-2.343338149610657,2.0822790381362988,-0.554817309106773,3
-0.7746515462998954,-0.07103510732470363,-0.6340579208740846,0.463961662847372,-0.4519859918320475,2.76573210576666,-0.6065604777621436,13
-1.1274106295604163,0.3843623752814592,-0.5354276850031248,0.8877290570696718,-1.673828267915728,-0.9628033354410145,0.9755760291858273,18
1.640391408329824,-0.6478719186258433,-0.2789890717386289,-0.027953205559577754,-0.09271364395055506,-0.10443822575446847,1.2355142884292831,5
-1.0460046872695268,-0.6782317507995874,-0.4367974491321648,2.004038121833236,-0.8743119225984468,-1.3773448682565328,-0.05885241104999537,12
1.3961735814571559,-1.1943488977532386,0.07607977739682686,0.23341334363821803,0.8184871727079993,0.04716024465084531,-0.8314509757393372,21
-1.100275315463453,0.17184355006524987,-0.5157016378289327,0.5905975564889356,0.6993736143352066,0.870747990987031,-1.2096955583369073,14
-0.3404865207484852,-0.8907505760157967,-0.2987151189128209,0.5276000099802743,1.1487218620745563,-0.6384850275838266,0.7182774761322281,4
0.8263319854209298,-1.0729095690582617,0.0366276830484429,0.16357499283265828,0.42661261001820877,0.04250046467677782,-1.01193452885644,21
-1.3444931423361215,-1.1639890655794944,-0.7721402510934285,0.8612522297505941,1.038660259671701,1.3532405772574778,0.21653498981976568,16
0.7449260431300404,-0.22283426819342456,-0.121180694345093,-0.4950678052852724,0.3161837930451811,0.7937792837247937,0.9446418163559362,8
-0.09626869387581694,0.8094000257138778,0.5692309567516266,-1.6591938458707667,-2.4686457557021884,1.3884847072980528,-0.5566222636986643,3
-0.4761630912333009,0.6576008648451569,0.7073132869709705,-1.2103549465766648,-2.3654155213456716,0.9490725462345493,-0.630037013620855,3
-0.2862158925545589,-1.4675873873169363,-0.3184411660870129,0.09070790228109608,1.1352382020760674,-0.6291416855337743,0.7290665299396638,4
-0.9645987449786374,-1.3461480586219596,-0.7326881567450446,-2.768606511924556,1.0205324809756129,1.8314198043544394,0.09781050642947703,16
0.5278435303543353,0.4450820396289476,0.13525791891940284,3.393764305202026,1.042390291752402,0.27759030297979914,-0.44821708376856895,17
1.7217973506207134,-0.7996710794945642,-0.3973453547837808,-0.12106721186934609,-0.6053676364930469,0.879837038350146,1.6265367165197704,5
-0.9103281167847111,2.509550627443552,2.896904523306281,3.071106374776912,0.4576421267170139,-0.10733035691411123,-0.6830005695759143,7
1.6132560942328609,-0.4353530934096339,-0.4565234963063568,-0.5913232601727026,0.2660386908515967,0.9385715369764511,-0.5150412520309754,6
-0.4761630912333009,2.600630123964785,3.0547129006998173,1.5225134467458095,0.4980397192004338,-0.9967754365395036,-0.5960785400789882,7
-0.883192802687748,-0.5264325899308665,-0.4959755906547408,-0.313285705585883,-0.7924097164709226,0.945318289297599,-1.2444760257756744,13
-0.9917340590756005,2.630989956138529,2.936356617654665,-0.444416337415003,0.8747126684286705,-0.514099887840559,0.17437383089089703,0
-0.7475162322029323,-0.2531941003671688,-0.5354276850031248,1.1529408923982079,-0.8807097702015161,3.2072800293284476,-0.5276440837580747,13
-0.7203809181059692,-0.617512086452099,-0.2592630245644369,0.7195259261870831,-0.7449857513170007,-1.4442734215859185,-0.04898353494380918,12
1.0162791840996719,-1.1032694012320061,0.07607977739682686,0.845601670087685,0.8680816169108538,0.22109473926202325,-1.4201087829238623,15
-1.100275315463453,2.630989956138529,2.936356617654665,-0.6773111795228385,0.846487966527275,-0.31201816523378195,0.38228214058961013,0
-1.1545459436573795,-0.7693112473208199,-0.20008488304186095,-0.4692859140339136,1.0331524563922443,0.4732305775791159,0.04074787864006522,19
-1.1545459436573795,-0.46571292558337807,-0.3184411660870129,0.8155458845119353,-1.107972421833849,-1.9053440487313131,-0.21910270028428533,12
0.9077379277118193,-0.46571292558337807,-0.10145464717090101,0.18996285452112863,0.1078896205583093,1.005979989957234,1.0162563995074936,8
0.17508444709381446,0.11112388571776151,0.5297788624032426,-1.6771979397549341,-2.3868256228068727,1.6744510676709894,-0.29425294701209853,3
1.3961735814571559,0.5968812004976685,0.07607977739682686,0.453403034365703,0.5363225357996643,-0.15035648414589328,-0.24027278828724147,1
-0.5847043476211534,-0.2531941003671688,-0.6340579208740846,0.5566973727651701,0.7406032386100152,0.1399006460432371,-1.0973856033147709,14
-0.7746515462998954,0.17184355006524987,-0.4959755906547408,0.3372359510330283,-0.904086574172403,-2.684422041654882,-1.2177421656984035,13
1.4775795237480451,-0.7085915829733316,0.0366276830484429,-0.061009364657135905,0.4650391672342539,-0.12467521735601521,-0.8441735275536292,21
-0.7746515462998954,0.05040422137027313,-0.47624954348054876,0.5825238718582254,-0.6334778949593942,2.792796606418189,-0.7079564328850706,13
1.6675267224267871,0.020044389196528938,-0.6537839680482767,-0.02896699633755726,0.4556626724044701,-0.3809860436995593,-0.48321607281185586,6
-0.0691333797788538,0.26292304658648247,-0.02255045847413307,-0.05155578243751068,0.9702552869128815,0.4204804439772372,1.2905334431107383,17
-0.5847043476211534,2.78278911700725,3.0941649950482013,-0.5507330697327095,0.929904667430906,-0.33397823863182946,0.10707689410944708,0
1.1248204404875244,-1.406867722969448,-0.06200255282251704,0.21592518543723,0.4365859744312922,0.6012377724370269,-0.944781710369641,21
0.28362570348166705,0.20220338223899406,-0.6537839680482767,-0.14459370378847558,-0.12006010695742973,-0.2659614909993278,-0.2217477425247634,11
-0.014862751584927517,0.14148371789150568,-0.4959755906547408,0.43392217401887384,-0.4001058731641609,1.4340669871510103,-0.6129115957831798,2
-0.8560574885907849,-1.1639890655794944,-0.2789890717386289,0.1352726207010871,1.2678772983843434,-1.0062233391297906,2.0457270510119283,4
-0.7203809181059692,0.8094000257138778,-0.5157016378289327,-1.7518861096094132,-2.3452941066478243,-1.0699408042740595,-0.12148231037779014,9
-1.2088165718513058,0.7183205291926452,-0.5551537321773167,0.03505729840875045,-0.4999049751130469,-0.5306360916888163,-0.9878354276264832,10
-0.693245604009006,-0.9818300725370293,-0.7326881567450446,1.305111953949184,0.8411999527184952,-0.017604424735467267,0.0228029128378832,16
0.853467299517893,-0.8300309116683083,-0.02255045847413307,0.5699539290340537,0.9899798122969611,0.11682565268944421,-1.441539777172856,15
0.8806026136148561,1.2344376761462965,-0.02255045847413307,0.35230155256843876,0.4349580575675358,-0.005694632106343894,0.1579560567458865,1
-0.9374634308816743,0.5361615361501801,-0.47624954348054876,-1.4330113518094785,-1.481829485307822,-1.9506104300420752,0.6583980316917665,18
1.2876323250693031,-1.3765078907957038,0.05635373022263488,0.1122160508148705,0.6781665423705844,-0.273915320038552,-0.9826125516271201,21
1.0705498122935981,-0.4049932612358897,-0.18035883586766896,0.02309142010754974,0.46891983885285543,0.19496861065194115,1.6100071956233648,8
-0.5304337194272272,0.7790401935401337,0.5297788624032426,-1.3367357410924476,-2.4830765656898137,2.210577006000498,-0.24956615507261898,3
-0.5304337194272272,0.08076405354401732,-0.4959755906547408,1.153600450919158,-1.6171957178932481,-1.0369520521610933,1.2936468583949654,18
1.0705498122935981,-0.28355393254091293,-0.20008488304186095,-0.34934818828018044,0.5597032612956172,1.2761398750515531,2.5055893777751805,20
-1.2088165718513058,0.47544187180269176,-0.5748797793515087,0.2514108573931944,-1.3342874660032,-2.2001937195124426,-0.1634158193376588,18
0.3378963316755933,-0.4960727577571223,-0.10145464717090101,-0.43147285510853317,0.6136902939419168,0.240244384507386,1.4968641127735072,8
-0.503298405330264,0.7486803613663895,-0.5157016378289327,-0.3226262245683275,-0.4067964443189118,0.6809208944635226,-0.9102449896342513,10
1.3147676391662664,-0.4049932612358897,-0.3184411660870129,-0.2805115154594286,-0.06593587301132822,0.730093568063309,1.0880785513175586,5
1.7217973506207134,0.7790401935401337,0.05635373022263488,0.11826970272723777,0.4905849269873821,-0.2051329631664024,0.15676401075787413,1
-0.5304337194272272,-0.7085915829733316,-0.37761930760958884,0.192244367633567,0.8785569275534547,-1.16851067990306,1.3707556219603787,4
-0.7746515462998954,-1.1032694012320061,-0.8510444397901965,-0.2928812093190994,0.8667649806953546,0.6024160445000596,-0.011203921845884925,16
-0.7203809181059692,-0.46571292558337807,-0.5157016378289327,-0.22261484493359762,-0.5791431503153754,2.207823655914039,-1.2456530873128364,13
0.853467299517893,-0.9211104081895409,0.01690163587425091,0.23714192206166024,0.7094708940019797,0.5101138311768856,-0.9412412767977664,21
-1.290222514142195,-1.3461480586219596,-0.2592630245644369,0.25733978415778963,1.2763454970757984,-0.19829349346740954,2.222398432142911,4
-1.1545459436573795,2.4184711309223195,2.896904523306281,-1.0125821445457537,0.4291552900573358,-0.022668089238950355,-0.5848528876121358,7
0.7991966713239667,-1.0729095690582617,0.05635373022263488,0.48128227386893757,0.9158826576879601,0.2965553754637129,-1.5040068487421738,15
-0.31335120665152205,-0.8907505760157967,-0.18035883586766896,-0.385055326277893,0.9836277215062794,-0.05435608054541475,0.11561251242168304,19
-1.3173578282391583,2.357751466574831,2.975808712003049,-0.6172964654315694,0.8893953992516515,-0.5829125652005904,0.3777285755183921,0
1.233361696875377,-0.37463342906214553,-0.16063278869347697,-0.3987488251769518,0.026391015007083164,-0.490084923605627,1.5819823217893825,8
-0.6118396617181167,0.11112388571776151,-0.6143318736998927,0.9585030561734604,-0.4415052925156789,3.7572386306397068,-0.7564119271697682,13
-0.8289221744938218,0.6272410326714127,-0.6340579208740846,2.0543958367487973,-1.2481682587832836,-2.189261102713033,1.026652694451277,18
-0.7746515462998954,0.4147222074552034,0.5889570039258185,-1.662426760606885,-2.558629518352176,-0.3444649068597748,-0.5661443980115033,3
0.853467299517893,-0.5567924221046107,-0.2592630245644369,-0.02274916803606568,0.6982807569059808,1.0538625736007368,1.329196764106617,8
0.0665431907059619,0.5968812004976685,0.5692309567516266,-1.1608379347200024,-2.3937736264813787,1.0875443486529175,-0.5421690913006287,3
1.2062263827784139,-0.4353530934096339,-0.37761930760958884,0.3430088704557797,-0.6924067226042044,0.843201303526045,0.8281585233378648,5
-0.6661102899120429,2.479190795269808,3.0547129006998173,1.6094578140604732,0.4375578535978964,-1.0072274628150957,-0.5259658021622589,7
-1.1545459436573795,-0.7693112473208199,-0.21981093021605294,-0.33970977570517935,0.6639600548403083,-0.4996483053298983,0.08841133410559786,19
-0.3404865207484852,0.5665213683239243,-0.5354276850031248,0.5167924332775495,-0.9865375168107164,-0.7301117617854394,1.510618690901241,18
1.1248204404875244,-0.9818300725370293,-0.0028244112999410795,0.04085767244593533,0.4770699383359274,-0.12310952676915596,-0.8844055735829627,21
1.3419029532632294,-1.0729095690582617,0.07607977739682686,0.11674428819992924,0.40251875642367424,0.5136682344292522,-0.8543969338024772,21
1.5047148378450084,0.9611991865825987,0.09580582457101885,0.313068154446249,0.3318523768629496,-0.7135717932571388,-0.06779711960388309,1
-1.3173578282391583,0.4147222074552034,-0.5946058265257007,1.7542952349957253,-1.0723905977120345,-0.7051285047311021,0.46482849362024337,18
0.17508444709381446,0.32364271093397085,0.13525791891940284,0.21155169725441228,0.9671050618531863,0.1403840779554889,-0.7447605498654983,17
0.853467299517893,-0.7389514151470757,-0.2592630245644369,0.2095643938860219,-0.8608274594392996,-0.28983163637028775,0.9586337883473979,5
0.03940787660899876,0.5968812004976685,0.6086830511000105,-1.6443853517590952,-2.3644673688647813,1.7450711439118332,-0.17186677204659878,3
-0.7746515462998954,0.08076405354401732,-0.6143318736998927,0.8406245840158331,0.7143079467944222,0.5324566696068722,-1.067709084847238,14
1.5047148378450084,-0.22283426819342456,-0.5551537321773167,-0.4274902309312778,0.324008493491872,-0.34883088726998646,-0.40564004994137537,6
0.28362570348166705,-0.040675275150959436,-0.14090674151928498,-0.12457630104628466,0.5600594650674192,0.5192410501991547,1.8434729759615545,20
0.8806026136148561,-1.1639890655794944,0.01690163587425091,0.6532185865089143,0.8968465617531798,-0.04574582309592395,-1.4597165737840818,15
0.31076101757863017,0.17184355006524987,-0.14090674151928498,-0.2726034898142765,0.15613786065071952,0.8956317100542588,1.6196146114335346,8
-1.07314000136649,-1.3157882264482152,-0.06200255282251704,-0.5865327745149169,0.7649559658342603,-0.09684298248940111,0.10157285502557355,19
0.5821141585482615,-0.3442735968884013,-0.10145464717090101,0.1886743896190381,0.42593479719452493,-0.1545960502270031,1.4158645468709135,8
-0.9103281167847111,0.6272410326714127,-0.6143318736998927,0.08286402600433676,-0.0834196344834906,1.1740752500029124,-1.206643584030419,10
1.3961735814571559,-0.22283426819342456,-0.5748797793515087,-0.5589064309164687,0.5020346183120614,0.2007170331661307,-0.39936991179982395,6
-1.1545459436573795,0.020044389196528938,-0.5551537321773167,0.5364585197325881,0.42003182719908844,0.7156263930345566,-1.1760183588350623,14
-0.8560574885907849,-0.5567924221046107,-0.47624954348054876,0.2955140531911431,0.5488778915765286,0.5229148185832572,-0.9882669890875824,14
2.020285805687308,0.20220338223899406,-0.6143318736998927,-0.28855454007465103,0.5880784078932547,0.3982971766445553,-0.4199960798798194,6
1.8846092352024923,-0.16211460384593618,-0.6340579208740846,-0.6199860765025359,0.17926916547995908,1.2554998238810053,-0.574735526456558,6
1.3147676391662664,-1.4372275551431921,-0.06200255282251704,0.10169074629686332,0.679433152766042,-0.6038488307959008,-1.1411954256299282,21
-0.44902777713633774,2.4184711309223195,3.0349868535256252,-2.027056742073714,0.3896991284665657,-0.8543717821065099,-0.5207659336066824,7
1.7760679788146398,-0.7693112473208199,-0.2789890717386289,-0.426406126097743,-0.49480484388222057,-0.06464214547304332,0.34121065936647516,5
1.8846092352024923,-0.4049932612358897,-0.2987151189128209,-0.2699197973155267,-0.7682986166960339,0.33237878989937436,0.21290382337896568,5
-0.09626869387581694,0.29328287876022663,-0.6340579208740846,0.36043506085125454,-0.19358992081995557,0.24013341328403595,-0.562869891331604,2
-0.6118396617181167,0.6272410326714127,0.6481351454483945,-1.4957264764955351,-2.3842100558258505,2.9115804271152395,-0.39045248029417573,3
1.0976851263905611,0.08076405354401732,-0.21981093021605294,-0.4287308333676292,0.4108787026166187,-0.14093034978356678,3.0203968464370394,20
-1.1274106295604163,0.8094000257138778,-0.5748797793515087,-0.7488221590027677,-2.3724843403161597,-0.6747362593401861,0.393722517799765,9
1.3961735814571559,0.5968812004976685,0.11553187174521085,0.15605922321920243,0.5833269323402493,-0.9617344242683795,0.1375964025307104,1
-0.31335120665152205,0.20220338223899406,-0.5354276850031248,1.8288782448561622,-0.35095186044714727,0.6374240838950899,-0.7043604729917863,2
-0.0691333797788538,0.23256321441273825,-0.5354276850031248,0.9205795644874395,-0.436544557022493,0.19721744508547104,-0.6879786406109745,2
-0.44902777713633774,0.354002543107715,-0.0028244112999410795,3.1129159269489737,0.8360174788891137,0.24416053417946687,1.7436031662398965,17
-1.1274106295604163,0.6879606970189011,-0.4565234963063568,0.6445479156210738,-0.955959789429765,-0.9760558724658911,1.3781037834773062,18
-1.3173578282391583,0.5665213683239243,-0.5946058265257007,0.190309122498512,-0.4686074703252427,1.7404485241903422,-0.9560451186323542,10
-1.1816812577543425,0.6272410326714127,-0.6143318736998927,-0.6176258735507062,-0.3973798825918728,-1.0298092498804279,-0.1219513904446081,18
1.4233088955541189,-0.07103510732470363,-0.5551537321773167,-0.5527304342800843,0.5715021236857268,0.7314528091133359,-0.21486504556203456,6
1.3419029532632294,-1.1032694012320061,-0.0028244112999410795,0.8108999155814038,1.0272182856928576,-0.1354028289378383,-1.3992753852362978,15
0.5821141585482615,-0.2531941003671688,-0.2592630245644369,-0.03536849333188167,0.5176352041871314,-0.9134890317174428,1.6717151086750768,20
0.663520100839151,-0.5264325899308665,-0.08172859999670903,-0.4584824523730831,0.12836711018105568,0.17815965905479583,0.9148036329800631,8
-0.44902777713633774,-0.7389514151470757,-0.7918662982676206,1.234351652618819,0.8860231153098076,-0.02961420358870511,0.03441790128181245,16
-1.3173578282391583,-0.9818300725370293,-0.08172859999670903,-1.3167813575588185,0.7136475956441701,0.12145029267003857,-0.011827901081375101,19
-0.503298405330264,0.5968812004976685,0.6481351454483945,-1.0156914505114933,-2.5146983018108857,-0.6191512348275083,-0.19586108543655437,3
-0.5847043476211534,-0.5567924221046107,-0.3973453547837808,0.5390413287305954,-0.802609842004682,0.6303253454831186,-0.2373535822541774,12
-0.7746515462998954,0.020044389196528938,-0.5551537321773167,0.5812425501963218,0.5486660295574383,0.27583166743258936,-1.1357198391770307,14
-0.3404865207484852,-1.0425497368845176,-0.33816721326120486,1.7973931260590248,-1.0024072822719257,-0.7901115466433055,-0.2328495637298886,12
0.44643758806344586,-0.19247443601968037,-0.08172859999670903,0.2207778476060027,0.4655191843494778,1.7810006781395402,3.2186711255544203,20
-0.503298405330264,0.6879606970189011,-0.6537839680482767,0.4808351282975695,-0.35550701058300277,1.4433997056009,-1.0930688722366837,10
-0.2862158925545589,0.7790401935401337,-0.6143318736998927,-0.8825590083146185,-0.36945285025723057,-0.0895792315616496,-1.1774607088152744,10
-0.44902777713633774,0.4450820396289476,0.05635373022263488,0.34218629130149064,1.0218324986343452,0.27233636761366053,-1.1477539755249733,17
1.0976851263905611,-1.2247087299269828,-0.02255045847413307,0.6891758107631925,0.9436059386242145,-0.42106338184785536,-1.3732211835071226,15
-0.3404865207484852,2.023793312663645,2.936356617654665,-1.588047748533803,0.5176445022644794,-0.1916917681658786,-0.5398795499725889,7
-0.6118396617181167,0.354002543107715,-0.4959755906547408,0.5468587742310944,-0.4277560310140232,1.189355266447735,-0.5312586017791437,2
1.4233088955541189,-1.1336292334057503,0.01690163587425091,-0.3036260208038864,0.45899985746238153,0.5643020035958931,-0.9403837163845684,21
-0.503298405330264,0.08076405354401732,-0.5946058265257007,-1.095238699243612,-0.25018785322637593,0.8446538493870352,-1.0440414976039731,10
0.473572902160409,0.505801703976436,0.11553187174521085,1.1204046658905482,0.9582092624928761,0.6543473767938184,-0.8853392691214768,17
-0.3404865207484852,2.479190795269808,3.0547129006998173,-0.3638939084176006,0.9986703935591245,-0.6490866794586937,-0.04775877890728468,0
-0.6661102899120429,0.020044389196528938,-0.6143318736998927,0.5784694155884293,0.7874603487747739,-0.25699179344360634,-0.981535469554647,14
-0.7475162322029323,-0.2531941003671688,-0.4959755906547408,0.6235816334411685,0.685742874924034,0.6503909113317158,-0.8608539335757189,14
-0.5847043476211534,0.29328287876022663,-0.6143318736998927,0.8696500910811533,-0.15841639188092035,1.0059320247664474,-0.6726258338336545,2
1.640391408329824,-0.7693112473208199,-0.4367974491321648,0.4261183435971754,-0.3114851378998062,0.591931584254407,1.6235980579847433,5
-0.2862158925545589,2.7524292848335055,2.916630570480473,-0.5693922723796074,0.9355109685555676,-0.6213606959180601,0.06507080005494036,0
0.9077379277118193,-0.28355393254091293,-0.5354276850031248,-0.7364025372807317,-0.4267801077606654,-0.7960873210969542,0.06942182584451367,11
-0.5575690335241903,0.354002543107715,0.6678611926225865,-0.9638186854612208,-2.52030472953773,0.8044868804387999,-0.48516121605435597,3
-0.883192802687748,0.05040422137027313,-0.4959755906547408,-0.7108639572337102,-0.678205844179157,0.6536973986545465,0.607087464932781,18
-0.5304337194272272,-0.8300309116683083,-0.7721402510934285,-2.738858240082365,0.9804767498528595,1.3949435535419146,-0.0045653772107799966,16
-0.5575690335241903,0.6576008648451569,0.6481351454483945,-1.2190588803916598,-2.451774259895822,-0.08350789706469176,-0.6358382150282819,3
0.3378963316755933,-0.31391376471465715,-0.6143318736998927,-1.2444575549210517,-0.26695344675560756,0.4260902118440669,-0.584463779730487,11
-0.9103281167847111,0.11112388571776151,-0.5354276850031248,-1.127298811466323,-2.294153690864408,-0.8742740836913571,-0.7736298806305858,9
-0.7746515462998954,-0.5264325899308665,-0.6340579208740846,0.9789439636697861,-0.9268572980267049,2.184227406340595,-0.7069501935419201,13
1.5047148378450084,-1.3157882264482152,0.01690163587425091,0.4168443366866036,0.9243806056477001,-0.1573382109896699,-1.5140938579266958,15
-0.7746515462998954,-0.9211104081895409,-0.08172859999670903,-1.0787784036887456,0.8035328088204039,-0.421362639431553,0.0707587197051366,19
-0.31335120665152205,-0.7693112473208199,-0.7524142039192366,1.1301189232161666,0.9008380233012786,0.9042350715498038,0.1037414459335052,16
-1.100275315463453,0.6576008648451569,-0.6143318736998927,-1.4116658754102802,-0.15097141043916382,1.6069674053732137,-1.17215709485582,10
0.5007082162573722,-0.19247443601968037,-0.16063278869347697,-0.04689618661466026,0.21655279679706588,-0.4389068491317811,1.461984180085183,8
-0.9917340590756005,2.357751466574831,2.956082664828857,1.546528630408077,0.5589651526109766,-1.1634231439056624,-0.6462621344383809,7
-0.3947571489424115,-0.8603907438420525,-0.2987151189128209,0.4675236273592658,-0.8119856993341116,-1.1815647347719713,-0.06979161876810638,12
-0.8560574885907849,-0.8907505760157967,-0.6537839680482767,-1.0080600364073051,1.0015080670103498,0.8470616112954992,0.15256574160423972,16
-0.5847043476211534,-1.285428394274471,-0.8510444397901965,-0.4875086367467344,0.9216792221401371,1.4889618888562162,0.017658744312754836,16
1.5589854660389346,-0.8300309116683083,0.07607977739682686,0.6333780281843382,1.0258768655287327,-0.34739338352780397,-1.4044640350983189,15
-0.8289221744938218,0.4450820396289476,-0.4959755906547408,-0.011774703741973166,-0.3350246876301066,1.575217534373333,-0.7324616574790657,2
-0.12340400797278007,0.6879606970189011,0.5692309567516266,-1.4518289343462967,-2.3224486668541338,0.6308684427213532,-0.35838259906291575,3
-0.8560574885907849,-0.4353530934096339,-0.6143318736998927,0.722879486469633,0.46619065359569395,0.5316604997979835,-1.0727636391532676,14
0.7720613572270035,-0.31391376471465715,-0.18035883586766896,-0.7763698403266986,0.41719655649567694,0.7521043790810347,1.9528646329668768,20
-0.6389749758150798,0.6272410326714127,-0.5551537321773167,-0.18006408708400656,-0.5140439091550949,-0.7841169858232615,-0.20906320297726796,18
1.6946620365237504,-1.0121899047107734,-0.0028244112999410795,0.36551560183280357,1.0532236966696154,-0.042455523386468214,-1.3855358732299465,15
-0.2862158925545589,-0.2531941003671688,-0.5551537321773167,0.7417836502754642,-0.6159749644801057,0.5167724940715036,-1.1842873834308896,13
-0.8560574885907849,2.0845129770111335,3.0349868535256252,-0.4459082251799351,0.8513347138145392,-0.8452078868254717,0.17177753377114718,0
-0.31335120665152205,0.11112388571776151,-0.5748797793515087,0.7313328929900799,-1.144101150775294,-0.06650988011980763,1.1270123654794375,18
1.2876323250693031,-0.31391376471465715,-0.2592630245644369,-0.03968359123603847,0.22553704663784496,1.0805218756605135,1.549479030687342,8
0.3378963316755933,-0.37463342906214553,-0.06200255282251704,-0.061349818415040586,0.6945293227711391,0.8276464437285519,1.694770152376284,8
1.7760679788146398,-0.5264325899308665,-0.4565234963063568,0.38769337794219055,-0.578752418267352,-0.3853306236660266,0.9682132069898695,5
-0.3404865207484852,0.23256321441273825,0.07607977739682686,1.1062359052487127,1.0560710502494566,0.18759503399541477,-1.0369574440362133,17
-0.0691333797788538,0.26292304658648247,-0.6537839680482767,-0.04795268719587474,-0.21454084424441006,1.3597815198330792,-0.6845596891361905,2
-0.44902777713633774,0.17184355006524987,-0.5946058265257007,-0.43894768103960574,-2.2190385065526037,-0.9318637607393851,-0.2870765268009833,9
1.0976851263905611,1.2344376761462965,-0.04227650564832505,0.7400212664337411,0.21694043337682062,-0.41362468567658345,-0.1932295828606546,1
-0.8560574885907849,-0.07103510732470363,-0.4565234963063568,0.23535183749055777,-1.0405104580055273,-3.7652727604055545,-1.0836091680426818,13
-0.9103281167847111,0.7183205291926452,-0.4959755906547408,-0.21582534871167988,-2.2717228821989166,-1.0264337085180186,-0.7140552919141773,9
-0.5304337194272272,-0.07103510732470363,-0.4565234963063568,0.3793163103711718,0.6354095422209637,0.923220096327138,-0.9173401032837537,14
-0.7746515462998954,-0.131754771672192,-0.5157016378289327,0.5169472868325272,-0.4424212135173977,-3.5281373906075886,-0.5599601876376621,13
-1.0188693731725638,0.4147222074552034,-0.5946058265257007,0.9777448227416641,-1.645866535359346,-1.3907700033465293,1.348288455117813,18
-0.2590805784575958,0.7486803613663895,-0.5354276850031248,-0.08088950614067492,-0.49578829053764456,0.13725872691038948,-0.5923154033349733,2
-0.6118396617181167,0.3843623752814592,-0.4959755906547408,-0.8012552509967629,-2.1173496712829127,-0.609996991327941,0.3135805361385198,9
-1.3444931423361215,-0.16211460384593618,-0.47624954348054876,0.7356941088972405,0.6369599933638744,-0.3077552831661605,-0.8078887294765813,14
-0.8017868603968585,-0.9211104081895409,-0.121180694345093,-1.1947657069447317,0.8476400481883416,0.5477441196346442,0.016777890336066276,19
-1.263087200045232,-0.4049932612358897,-0.5354276850031248,0.6276664091033677,0.4058759289134624,0.321454669170633,-1.0759207634512704,14
1.0976851263905611,-0.010315442977215249,-0.16063278869347697,0.18071254355753838,0.4489787752499052,-1.3889759557987742,2.9314678867569532,20
-0.5575690335241903,-1.406867722969448,-0.6537839680482767,1.5013255469173488,0.8818954239765309,1.7261615787490798,0.22399189865139846,16
1.830338607008566,-1.0729095690582617,-0.3184411660870129,0.401699403444024,-0.911639946836339,-0.15580572058997966,0.3526510347576874,5
-0.9374634308816743,0.505801703976436,-0.5551537321773167,-0.15844550972743107,-1.4048571592074008,-1.1039076759408062,0.3294527820513391,18
-1.07314000136649,-1.4372275551431921,-0.4565234963063568,0.6068680265394863,1.1329425013466627,-0.5009299937156224,1.373519289102585,4
0.14794913299685133,-0.10139493949844781,0.07607977739682686,1.4722893978417722,0.9353842258531239,0.3787086511805236,-0.27868955867940354,17
-0.5575690335241903,0.20220338223899406,-0.5354276850031248,0.6432985396791354,-0.40075612532112714,-1.297408561280875,1.4336402927858036,18
1.640391408329824,-1.1639890655794944,0.11553187174521085,0.4127698309088625,0.9650092053633091,-0.35723603861664166,-1.48042878913633,15
1.043414498196635,-0.010315442977215249,-0.08172859999670903,-0.1422507151004151,0.02246305881996311,1.0802451039947951,0.8512339046386063,8
1.830338607008566,-0.617512086452099,-0.3578932604353969,-0.29092997458824615,-0.18818106253383993,-0.1420341583142574,1.2709180529999873,5
1.2062263827784139,-1.406867722969448,-0.06200255282251704,0.33288065763592384,0.8702055458635071,-0.5646565487488164,-1.4252643736822461,15
-0.31335120665152205,-1.406867722969448,-0.37761930760958884,0.38065573091164095,1.0403870793280698,-0.14211555611140153,0.8503489216617445,4
-0.2862158925545589,0.5665213683239243,0.5692309567516266,-1.6902041636523064,-2.4435186617361913,1.2925646198515717,-0.27102899864638785,3
0.9891438700027086,-0.46571292558337807,-0.37761930760958884,-0.079808405878398,-0.6075583687486522,0.22834845785381064,0.9584761896857037,5
1.830338607008566,-1.1639890655794944,-0.06200255282251704,-0.27455640994027886,0.5741547289883787,0.08195473295350858,-1.0084256228383581,21
0.25649038938470387,0.05040422137027313,-0.23953697739024493,0.10210093918580922,0.4074149872067343,0.8409986962475017,0.8581971796763537,8
-0.9103281167847111,0.08076405354401732,-0.6143318736998927,0.45945283900923817,-1.1673810196747314,-0.6605367865206837,-0.6145969452450638,13
1.0162791840996719,-0.040675275150959436,-0.18035883586766896,-0.3308828749875845,0.7476873921576831,0.5189516678769129,0.9314675828446767,8
-0.2862158925545589,-0.7996710794945642,-0.06200255282251704,-0.7775577210038184,1.049505712896663,-0.7511380195797585,0.16340252628989432,19
0.41930227396648273,0.14148371789150568,-0.2592630245644369,-0.40264918986364256,0.36122338072149796,1.0826504714748069,1.4880385513398278,8
0.6363847867421879,-0.16211460384593618,-0.6143318736998927,-0.7831932098408372,-0.5000830267172298,-0.055185219399313756,-0.6226888577426501,11
0.5549788444512984,0.20220338223899406,-0.5157016378289327,0.09161225460281719,-0.5407657807410885,-0.34355711198893985,-0.32185585358071567,11
-1.100275315463453,-1.4675873873169363,-0.121180694345093,-1.0569869355050443,0.8830864263810478,0.5276372240353916,0.10553839954166813,19
-0.5575690335241903,-0.4960727577571223,-0.4565234963063568,0.8430681726802187,0.39184317414694264,0.8252186976009543,-0.8850171219814102,14
1.0976851263905611,-0.8907505760157967,0.13525791891940284,0.13018631669196745,0.5241502468024817,-0.27423376880668054,-1.0310352607409679,21
1.8846092352024923,1.0219188509300872,0.07607977739682686,0.48573960455365145,0.20824080454801142,-0.7257806800103119,0.282677670968977,1
-1.263087200045232,-1.1943488977532386,-0.14090674151928498,-1.1337070244452887,0.8256330596350283,-0.055763692881296956,-0.011513073003378603,19
1.3690382673601926,-1.1032694012320061,0.13525791891940284,-0.243796942356096,0.705297660002561,-0.02851665122067904,-1.0697659750230277,21
-1.07314000136649,0.7486803613663895,-0.5157016378289327,-0.3370477807000516,-2.1851434477603324,-0.6810181298651997,0.16752560762362664,9
-1.3173578282391583,2.114872809184878,2.956082664828857,2.764187760939842,0.48459174485556905,-0.28196240791570826,-0.6012066055034395,7
-0.17767463616670637,0.6272410326714127,0.7270393341451624,-1.0677283328833034,-2.324611906233552,0.8643581068366943,-0.4582134170170754,3
-1.1545459436573795,-0.2531941003671688,-0.6537839680482767,0.489528678030771,-0.46839321588404925,-2.3784223795586197,-1.2661748613539487,13
-0.36762183484544836,0.5665213683239243,-0.5946058265257007,-1.3257245820443957,-2.1044864944195716,-0.957245466012778,0.035659673528303286,9
2.400180203044792,-0.5567924221046107,-0.6537839680482767,-0.07102487455209221,0.5408091856245831,-0.7349774038632231,-0.30733607786335965,6
1.1519557545844876,0.839759857887622,0.0366276830484429,0.4152088241149805,0.2317345215944027,-0.5590204702636206,-0.022584108419588137,1
0.6363847867421879,0.14148371789150568,-0.5946058265257007,-1.0971069892998921,-0.6761407030848625,0.32369230406414157,0.10136151751756764,11
-0.7746515462998954,-1.0729095690582617,-0.33816721326120486,1.0150060545490902,-1.05406855200663,-0.6612494207867049,-0.23767316614003917,12
1.3419029532632294,-1.1943488977532386,0.01690163587425091,0.7638266695918879,0.8825779574454423,-0.13775763630513566,-1.4084528231569768,15
-0.6118396617181167,0.14148371789150568,0.6481351454483945,-1.6015978057356908,-2.4635174716476254,-0.37468369857646844,-0.18373591081918866,3
1.1519557545844876,0.08076405354401732,-0.121180694345093,-0.3449879588017231,0.48526203697084985,1.1607325432720654,1.6669381446860945,20
2.183097690269087,-0.040675275150959436,-0.6340579208740846,-0.3843662575904821,0.5862872164141579,0.01562832155248569,-0.2711461425648822,6
-0.31335120665152205,-0.8907505760157967,-0.33816721326120486,1.564807963496271,-0.7940454629164925,-2.192294431083797,-0.08687842517922388,12
1.2604970109723401,0.6272410326714127,-0.06200255282251704,0.17047242916304559,0.3188209277406478,-1.0166555944500084,0.17579208424436849,1
-0.5847043476211534,2.0845129770111335,2.916630570480473,3.2170665405921897,0.43723501578652924,-1.0669595620650794,-0.5526486725433768,7
-1.263087200045232,-1.2247087299269828,-0.8313183926160046,-1.9644498961502916,1.0255180848188796,1.3885296816880697,-0.03603361164066071,16
-0.8289221744938218,2.297031802227343,3.0152608063514332,-0.4329579579766398,0.9105647002181813,-1.1313505499232335,0.22966341507535387,0
0.5821141585482615,0.20220338223899406,-0.4565234963063568,-1.394842016888558,-0.10725892206514333,-0.8943994910958709,-0.2791940048150213,11
-0.8017868603968585,0.29328287876022663,-0.6143318736998927,-0.1023341826143875,-0.1455175756051777,0.10963494140724889,-1.1276849468985821,10
0.44643758806344586,-0.5567924221046107,-0.5157016378289327,-0.45362758304547574,-0.3667998202536382,-0.11256498488622634,0.09656240244307242,11
2.2645036325599763,0.08076405354401732,-0.5946058265257007,-0.354614835476985,0.5612815375332079,0.27767435444218386,-0.5907563699925862,6
0.6092494726452247,-0.2531941003671688,-0.21981093021605294,-0.37502754016944084,0.14459099137593498,0.343339147589079,1.4156250994207562,8
1.5318501519419714,-0.07103510732470363,-0.5157016378289327,-0.14644851068356446,0.30546351436157926,-0.626707286087646,-0.43441678687715063,6
-1.07314000136649,0.23256321441273825,-0.5354276850031248,-1.3755111232383426,-2.1725589389126974,-1.202615653263822,0.5799919853832558,9
-0.6389749758150798,0.17184355006524987,-0.5157016378289327,-0.7477430237222177,-2.1643967314123365,-0.8679601801832315,0.48400648255401096,9
0.3378963316755933,-0.10139493949844781,0.07607977739682686,0.5977928529402469,0.9791315931285611,0.3549084065190432,0.22490870767056786,17
-0.693245604009006,-0.5567924221046107,-0.5551537321773167,0.6483740677914677,-1.259876020128072,3.1277818146448695,-0.5739019980976303,13
-0.9917340590756005,-0.7389514151470757,-0.3184411660870129,1.9742088702981986,-1.0077122652626664,0.5985303225862539,-0.10790095126500565,12
-0.2048099502636695,0.3843623752814592,0.6086830511000105,-1.2103085391424853,-2.5226774497377327,1.9190895252487206,-0.525054919986334,3
-1.1545459436573795,-0.8603907438420525,-0.23953697739024493,-1.1215170555325582,1.056524479110475,0.45295197144955546,0.010479224259306535,19
0.3921669598695196,-0.4353530934096339,-0.06200255282251704,-0.3822371664173564,-0.023648320041483574,0.3756648447908454,1.4735571855101666,8
0.8806026136148561,-0.2531941003671688,-0.5354276850031248,-1.3341329062135312,-0.5686297360072431,-0.9674861530093783,-0.431058528794611,11
-0.31335120665152205,2.5702702917910405,3.0547129006998173,-0.8694780324169883,0.4899873256255064,-0.09500640861527652,-0.5242782634208114,7
-0.5575690335241903,-1.1032694012320061,-0.33816721326120486,1.1016838459058202,-0.7594854553393732,0.4221943962969282,-0.16046792148263944,12
-0.31335120665152205,-0.5264325899308665,-0.5157016378289327,0.7351483007664,-0.4899572992705702,3.3179514306468656,-1.2626779960096772,13
-0.23194526436063265,0.7790401935401337,-0.4959755906547408,0.4149248980378274,-0.3647996117130172,0.39333978134544983,-0.6345656666332719,2
1.043414498196635,0.20220338223899406,-0.6143318736998927,-0.04605729889960268,-0.6377924475232262,-0.6255876130317904,-0.03185258606484405,11
1.9388798633964186,-0.16211460384593618,-0.6340579208740846,-0.1880616729734759,0.18937841039985714,-0.21229881708867673,-0.7570765295825613,6
-0.3947571489424115,2.630989956138529,2.956082664828857,-0.4460676249701913,0.9005853096309758,-0.24512102169759642,0.017738497679104046,0
-0.9645987449786374,-1.1943488977532386,-0.7918662982676206,-3.071238102681567,0.8443391553072794,-0.3229443905055063,0.28998525732869207,16
-0.09626869387581694,0.7790401935401337,0.5889570039258185,-1.5998368178579403,-2.5435643084170945,0.17350538945874447,-0.6973450856063853,3
-0.31335120665152205,0.7486803613663895,-0.6537839680482767,-0.8376600224820003,-0.395761955179088,-0.7003715262861516,-1.1217309622986513,10
-0.9103281167847111,-0.7389514151470757,-0.4367974491321648,0.10478830962630908,0.9817232076050814,-0.5132797596998178,1.6726982163406467,4
-0.4761630912333009,0.17184355006524987,-0.5748797793515087,-0.4757610348375841,-0.38921884459040046,1.490539935970926,-0.9804002931773081,10
-0.7475162322029323,0.354002543107715,-0.5551537321773167,-0.5053231079253008,-2.1994055001806276,-0.8171579684022358,0.08943453854642183,9
-0.9645987449786374,-1.4372275551431921,-0.14090674151928498,-1.2996252300778293,0.7821015787119027,0.5408704064161907,0.09509083587590529,19
1.3147676391662664,-1.1639890655794944,-0.4170714019579728,0.2821476508996506,-0.6346938770520821,0.03489732043632787,1.1320303703124763,5
1.2062263827784139,-1.1336292334057503,0.13525791891940284,-0.06696248944320235,0.7243166412975528,0.17752964470220298,-1.1518470915948904,21
-0.9917340590756005,0.6272410326714127,-0.5748797793515087,-1.4199489034449684,-1.5529135461216792,0.19300484473835097,-0.18786556908632562,18
-0.503298405330264,-1.0729095690582617,-0.6932360623966606,-2.3177493046856514,0.9127497847593815,-0.5486919019961398,0.08250236924963056,16
1.3961735814571559,-0.4960727577571223,-0.4565234963063568,-0.05802889691214347,0.2918498765708217,-0.7226695882655386,-0.557007012847663,6
0.31076101757863017,-0.040675275150959436,-0.6340579208740846,-0.6564657929421486,-0.5646189177934627,0.6298656101118738,-0.719962738498583,11
-0.31335120665152205,2.3881112987485755,2.916630570480473,2.012527535954714,0.5346400830253336,-0.8878359808724647,-0.5415309425006661,7
1.7760679788146398,0.08076405354401732,-0.6143318736998927,-0.1765891980399366,0.28339806702579395,1.922260095873315,-0.3310831854664,6
-0.7203809181059692,0.29328287876022663,-0.5748797793515087,-1.2328320752480075,-0.6935602943101129,-2.2887597011560685,1.6577940227037768,18
0.9891438700027086,-0.9818300725370293,0.07607977739682686,0.34283229184230735,1.0269337517760053,-0.5186839515173182,-1.386746529913191,15
1.830338607008566,-0.10139493949844781,-0.5748797793515087,-0.5224269271201687,0.4902725607927474,-0.1443272213531568,-0.6724303580526151,6
-0.4761630912333009,2.7220694526597615,3.0744389478740093,-0.8816430984350426,0.9221728462963694,-0.8420668040661728,0.3471926129404898,0
0.09367850480292504,0.26292304658648247,0.6284090982742025,-1.5988202213695781,-2.4703681020814248,1.2970968029681345,-0.4364372567248888,3
1.640391408329824,-0.10139493949844781,-0.6537839680482767,-0.08687028833989019,0.3989655117211018,1.801529961134273,-0.3424596304747477,6
-0.693245604009006,0.6879606970189011,-0.47624954348054876,-2.0238490432904825,-2.0876652659650703,-1.1605570053842857,0.5798783924049107,9
0.17508444709381446,0.5968812004976685,0.7270393341451624,-1.4011416695493903,-2.5453149557715578,1.129237213425623,-0.20928094534668862,3
0.663520100839151,-0.37463342906214553,-0.2592630245644369,-0.12581065413193215,0.32369821713114433,0.4891055284033985,1.1493887870842665,8
-0.9374634308816743,-1.1943488977532386,-0.3578932604353969,0.8072380579353082,1.1173352594291635,-0.12663356611467244,1.9352425440646168,4
-0.9374634308816743,2.600630123964785,3.0547129006998173,-1.5320896328968177,0.4284798153335424,-0.25309345959624874,-0.6839971135901107,7
0.25649038938470387,-0.4960727577571223,-0.18035883586766896,0.19327716242320203,0.5174024209328286,-0.5623330937084373,1.0512654498510272,8
-0.2862158925545589,0.7486803613663895,-0.5551537321773167,-1.2647711422336154,-2.2708830414771337,-1.0274894496956426,-0.42378921935787134,9
1.4504442096510821,-0.8603907438420525,0.13525791891940284,0.8274496335562177,0.850840788416942,-0.4469953970165012,-1.4690496026173825,15
-0.2862158925545589,-1.1336292334057503,-0.2592630245644369,1.6844067239952911,-0.7745153140840444,-1.9399220973031228,-0.09309492342495143,12
-0.6389749758150798,2.023793312663645,2.995534759177241,-0.8184055268488001,0.8677438126563145,-0.4643421385213988,0.24104754329812195,0
-0.4761630912333009,-0.9211104081895409,-0.06200255282251704,-1.1040163848477256,0.647351082577651,0.8207572631408006,0.16162136474318842,19
0.44643758806344586,0.20220338223899406,-0.4565234963063568,-0.13541977902838287,-0.20788293151448947,-0.9240262792135318,0.10485546836977847,11
-0.7746515462998954,-0.3442735968884013,-0.5157016378289327,-0.01317558213778757,-0.6487398581551742,1.80549926711803,-1.0001205915420743,13
1.0976851263905611,-1.406867722969448,0.07607977739682686,-0.10462296694678462,0.5407773065663826,-0.08782890563894497,-0.8558482548086168,21
0.7991966713239667,-0.2531941003671688,-0.121180694345093,-0.48568508448084174,0.16075046662834877,1.1577106583537677,0.8813134016999569,8
-0.44902777713633774,-1.1336292334057503,-0.4565234963063568,0.8786532829499646,-0.9183756848911789,-0.46807519423104815,-0.20654990931087658,12
-0.503298405330264,0.11112388571776151,-0.5946058265257007,-1.9829109427941876,-2.1397187353454448,-0.9940484085646659,0.07154755882200858,9
-0.503298405330264,2.661349788312273,3.0744389478740093,-3.304582316224341,0.5154224108277227,-1.1968115012255136,-0.6587451422166526,7
-0.3947571489424115,2.175592473532366,2.916630570480473,2.3344020431289545,0.41495548685295597,-0.40682195991887066,-0.6659671103927228,7
-0.6661102899120429,-1.0729095690582617,-0.121180694345093,-1.158355536682043,0.8185405678520952,0.5574800036468985,0.08689340268626024,19
-0.3947571489424115,-1.285428394274471,-0.6932360623966606,-1.62801527800552,0.9711648980079268,0.9167751428764216,0.16857668190615144,16
-1.263087200045232,-0.8907505760157967,-0.10145464717090101,-0.631072946414674,0.7512659923144807,0.9267064314059336,0.11673847076066075,19
-0.6118396617181167,-0.7996710794945642,-0.3184411660870129,0.6559627799680999,0.9690152741994514,-0.9056874576791962,1.6065033624548797,4
0.03940787660899876,0.5361615361501801,-0.6340579208740846,0.42003717406494745,-0.12915175540540005,0.76884297534655,-0.5759761818721649,2
0.5549788444512984,-0.5567924221046107,-0.47624954348054876,-0.6567671321439474,-0.5340111641458327,-0.8267524968518343,-0.6454435241388913,11
-0.9917340590756005,-0.9211104081895409,-0.4565234963063568,0.11343234890809366,1.1470345113221534,-1.1004249676229738,0.5814620349521208,4
1.8846092352024923,0.20220338223899406,-0.6537839680482767,-0.647910404263841,0.5586899607679763,1.0401997451944158,-0.6929102520269443,6
-0.15053932206974321,0.11112388571776151,-0.02255045847413307,-0.48058384424789163,0.8696694394917753,0.23322192045418114,1.0593089895654788,17
-0.7475162322029323,-1.406867722969448,-0.2789890717386289,0.09767861195314634,0.9027117365075518,-0.7940461557624803,0.55798575319972,4
-0.693245604009006,2.7220694526597615,2.995534759177241,-0.3553989911659359,0.9601857201048115,-0.5741283292181587,-0.05151856461296496,0
0.25649038938470387,-0.46571292558337807,-0.6143318736998927,-1.4156687991482646,-0.3223847988573439,0.0008253161205739293,-0.49181422401319685,11
1.1519557545844876,-0.19247443601968037,-0.21981093021605294,-0.8025209374683896,0.4814150873252053,0.033857837108648176,3.5009790599438313,20
-0.7746515462998954,0.7486803613663895,0.5495049095774346,-1.5280573328789027,-2.349100489272696,2.7428436466901047,-0.49342248304100234,3
-1.2088165718513058,2.630989956138529,3.0941649950482013,-1.5640752313585382,0.5168364557504975,-0.20527548337905807,-0.6108821851039643,7
-0.8289221744938218,2.691709620486017,2.916630570480473,-2.8964087541388626,0.38607526353990695,-0.33998260319973267,-0.6322169714661807,7
-0.503298405330264,-1.285428394274471,-0.33816721326120486,-0.10645741915139634,0.9830678628590309,-0.3421141489498813,0.5709719134814853,4
-0.9645987449786374,2.175592473532366,2.975808712003049,-1.4141598605398862,0.41031214393043675,-1.1551998848376168,-0.6128790794520768,7
1.6946620365237504,-0.7085915829733316,0.0366276830484429,0.0847153223158393,0.5642992599400775,-0.25073968789907486,-1.083625472136539,21
1.2876323250693031,-0.7389514151470757,-0.3578932604353969,0.006031730306923414,-0.4661845730111007,-0.32673526368088546,1.7465847845661577,5
1.1519557545844876,1.1433581796250638,-0.02255045847413307,0.44069732272391116,0.5339894048205956,-0.4758063388700108,0.25167440743221753,1
-1.0460046872695268,-0.7389514151470757,-0.16063278869347697,-1.166879682544671,0.8231821239778474,0.15350763510098733,0.14242804575943693,19
-0.4761630912333009,0.5968812004976685,-0.4959755906547408,0.7139294554291139,-0.5399487055161059,-0.6232378448189902,-0.002208371112105984,18
1.5861207801358979,-0.8300309116683083,-0.06200255282251704,0.525766014565002,0.8517790470719133,-0.3183565519324785,-1.489016864667776,15
-1.3716284564330845,2.78278911700725,3.0941649950482013,-0.8632481287317951,0.8387177270175257,-1.2170683135865448,0.191433841000359,0
-0.8289221744938218,-1.406867722969448,-0.7721402510934285,0.7615795672867111,0.9051278184041757,0.8368453423610152,0.1404434809332525,16
-0.9917340590756005,0.47544187180269176,-0.5748797793515087,-0.9161627554463055,-0.3472793717522826,0.9777248364512805,-0.9286208300647283,10
-1.3716284564330845,2.5399104596172966,2.896904523306281,-0.6248381007413694,0.3936950314167792,-0.18431404244372557,-0.6921854635250564,7
-0.36762183484544836,-0.10139493949844781,-0.4959755906547408,0.7961443873749882,0.7663073893666172,0.07233148540977796,-0.8627692889013276,14
-0.44902777713633774,-0.46571292558337807,-0.33816721326120486,1.9233089050894543,-1.1598762995114118,-0.025265892144937435,-0.1097864017157005,12
1.830338607008566,-0.28355393254091293,-0.4959755906547408,-0.6940099919628987,0.5123473416724499,0.2782137355274614,-0.6618585762359898,6
-0.44902777713633774,0.8094000257138778,-0.5748797793515087,1.1585071323651541,-0.37533495019706,0.060515476477305194,-0.5814854540544965,2
1.5861207801358979,-0.9211104081895409,-0.4565234963063568,-0.0969296618249463,-0.13183048520319726,0.6812964877033578,1.662982249661595,5
-0.041998065681890656,0.020044389196528938,0.0366276830484429,0.0029646005672153645,0.9771552046539881,0.36866772209136894,-0.11256024311450205,17
0.7449260431300404,0.14148371789150568,-0.6537839680482767,-0.1181500685154477,-0.16162851238872908,0.0699824757519123,-0.7373629436624387,11
-0.693245604009006,2.3881112987485755,2.956082664828857,-0.6477683073387341,0.8725216811729242,-0.9463709923213689,-0.06064802045942329,0
-0.3404865207484852,2.661349788312273,2.956082664828857,-2.4712523363854575,0.3980434608392172,-0.9153999235426588,-0.5947079721301649,7
-0.4218924630393746,2.479190795269808,2.975808712003049,-0.7550298040522622,0.4100053756174322,-0.09336418187880532,-0.6194461738309613,7
-0.5304337194272272,0.7486803613663895,0.5495049095774346,-1.58247731083034,-2.5328287279292185,2.612986149901601,-0.2572182166410484,3
1.2876323250693031,-0.9514702403632851,-0.02255045847413307,0.6818848897952992,0.9202708123613373,-0.16911601122916217,-1.35722066065446,15
1.0976851263905611,-1.406867722969448,0.09580582457101885,-0.09294291276119938,0.8020816330935528,-0.02121617167598856,-1.089958090781643,21
-0.8560574885907849,-0.8300309116683083,-0.37761930760958884,0.26029318516550304,1.2294945967032216,-1.0245356546603999,1.1481112071296615,4
0.9348732418087824,-0.4960727577571223,-0.18035883586766896,-0.2129527836656843,0.5082087190038757,-0.14008398636914302,2.204997652193128,20
0.9077379277118193,-0.10139493949844781,-0.08172859999670903,-0.024314057431761127,0.4484758238349704,-0.687661758303184,1.440663560195236,20
0.7991966713239667,-0.31391376471465715,-0.6340579208740846,-0.4037443344291868,0.007935164262565976,0.23514502578005425,-0.6681274371159016,11
-0.9103281167847111,0.32364271093397085,-0.6340579208740846,1.0569510624805605,-1.7584064311634526,0.8785539899290589,1.4054104913982695,18
0.9348732418087824,-0.9818300725370293,0.07607977739682686,0.7912295664155039,0.8387957718760177,-0.5091335431256637,-1.4507109743007611,15
-0.6661102899120429,0.32364271093397085,-0.5157016378289327,0.06717495821254808,-1.3842956218971243,-1.6712033401578965,0.10423503425382057,18
1.6675267224267871,-1.1032694012320061,-0.3973453547837808,0.39778975530157756,-0.45598047432372574,0.38769021360811884,1.6952124337768204,5
-0.8289221744938218,-0.7693112473208199,-0.4367974491321648,0.15168070641581155,0.9015722113587415,-1.182828999380724,1.1567659516442637,4
-0.44902777713633774,0.5968812004976685,-0.6537839680482767,-0.9130778975548217,-0.34052229539333656,1.4770033137380612,-0.915828809186722,10
-0.5847043476211534,-1.3765078907957038,-0.3973453547837808,0.24827419525899921,0.9117467520279376,-0.4768433907354095,2.0183225403551344,4
-0.503298405330264,0.20220338223899406,0.6875872397967785,-1.165205037696666,-2.3333638689030503,3.0079679772324712,-0.21265030116308736,3
-0.31335120665152205,-1.1336292334057503,-0.4170714019579728,1.9549483064548947,-0.829214776721144,-1.9651750793798675,-0.2165630692355089,12
-1.290222514142195,0.08076405354401732,-0.6143318736998927,0.5098935084439707,-0.8041072948699138,2.8547480024322964,-0.9334047733372638,13
0.8806026136148561,-1.3157882264482152,0.09580582457101885,-0.13378052550958397,0.6101714185894214,-0.35589246798344293,-0.9948343046499125,21
1.6946620365237504,-1.4372275551431921,0.07607977739682686,0.42405864108740915,0.8502510368393559,0.3411625189014882,-1.423058977921754,15
0.012272562512035623,0.08076405354401732,-0.5946058265257007,0.4958663249324763,-0.32355322072995146,0.2971334734993153,-0.5927603989619677,2
1.5589854660389346,0.5665213683239243,-0.04227650564832505,-0.0879372301015653,0.608845634692785,-0.4635428527629484,-0.22747778270598212,1
1.1248204404875244,-0.28355393254091293,-0.6340579208740846,-1.3254559288763197,-0.2535905005917759,-0.49913487218689107,-0.15806059287603408,11
2.2645036325599763,-0.040675275150959436,-0.5946058265257007,-0.32390622902304145,0.23232836125524564,1.9421678746334352,-0.49694760657126386,6
-0.17767463616670637,0.05040422137027313,-0.4565234963063568,0.792036486752482,-0.24706112274839212,1.2103396313218262,-0.587305167570455,2
0.25649038938470387,-0.22283426819342456,-0.5157016378289327,-0.1409279476816384,-0.26050303904411737,0.1935644603403455,-0.2823323263374319,11
-1.3444931423361215,0.6879606970189011,-0.5748797793515087,-0.28035004042794903,-1.1102065710061761,0.2499134301245239,1.3439478973440988,18
-0.5847043476211534,2.691709620486017,3.0547129006998173,0.7999487199787473,0.5521214570137757,-0.7440409745075902,-0.6724028796474067,7
1.6132560942328609,-0.8603907438420525,0.11553187174521085,0.650067779656554,0.8694865774535828,-0.06116877095658193,-1.4552925809218806,15
-0.693245604009006,-1.1032694012320061,-0.16063278869347697,-1.3185651041778363,0.733243181194304,0.1713690969936299,0.14239524112589846,19
0.03940787660899876,0.354002543107715,-0.5551537321773167,1.4191269255011634,-0.23614945882644092,0.4347909122836299,-0.629578688599071,2
-0.36762183484544836,0.26292304658648247,-0.5157016378289327,-0.31286732002262124,-0.4396789855417242,1.1796117087711722,-0.9762368658731567,10
0.0665431907059619,0.354002543107715,0.5495049095774346,-1.0667668444846854,-2.4690469162683284,2.8683728813824265,-0.47499210997757124,3
-1.07314000136649,2.3881112987485755,2.936356617654665,-1.8938844883232062,0.4409932873371418,-0.944379477855313,-0.5283956332741273,7
-0.6661102899120429,0.29328287876022663,-0.6143318736998927,0.8405586744333478,-0.25526545959433783,0.6084663463374778,-1.0639913607388334,10
-0.9103281167847111,2.448830963096064,3.0744389478740093,2.644517042337428,0.3935968033868655,0.03291501845393376,-0.5378053580128119,7
-0.8017868603968585,0.5665213683239243,-0.6143318736998927,1.1639539967387906,-0.21816542119611176,1.4132837491589247,-0.7592353755044005,2
1.1248204404875244,0.20220338223899406,-0.4959755906547408,-1.36681253503997,0.004476514735777171,-0.9605337173685053,-0.6096852070525286,11
-0.5304337194272272,2.7524292848335055,3.0349868535256252,-2.872329842456989,0.41028133156296975,-0.7703414162320796,-0.640485382714493,7
0.2022197611907776,0.505801703976436,0.7073132869709705,-0.9756171485006104,-2.4605966362752065,-0.31003852585582986,-0.5236459517902132,3
-0.6389749758150798,0.20220338223899406,-0.6143318736998927,0.15914265167508104,-0.3488194913489607,0.7061522245219016,-0.7099300787794743,2
0.41930227396648273,-0.010315442977215249,-0.5748797793515087,-0.4953661123509385,-0.5073436031005697,-0.5622501660311402,-0.6903666936987515,11
-1.2359518859482688,-0.8603907438420525,-0.8313183926160046,1.006470258589387,1.014458698596564,-0.5906615141710211,0.06112033457472233,16
0.6092494726452247,0.11112388571776151,-0.14090674151928498,-0.8196355443735625,0.6072863272333358,-0.8289461764240731,3.069468361900549,20
-1.1274106295604163,0.20220338223899406,-0.5354276850031248,0.8534733553843997,-0.18422552772224624,1.338262067243558,-1.147397355780814,10
1.2062263827784139,-0.46571292558337807,-0.5157016378289327,-1.1341006547828418,-0.4566550327529962,-0.9491043530805835,-0.04879614745575294,11
-1.2088165718513058,0.7183205291926452,-0.4565234963063568,-0.984024092457129,-2.112443644543707,-0.8697654579196923,-0.6150437034276389,9
2.0474211197842713,-0.10139493949844781,-0.5748797793515087,-0.18012431436462314,0.46327086605836426,0.1978022641221161,-0.45231006869270984,6
-1.07314000136649,-1.1943488977532386,-0.8510444397901965,-2.7773933451289743,1.0539657107173406,0.6034272403692437,0.2203974384764585,16
0.14794913299685133,0.354002543107715,-0.06200255282251704,2.4793173289262977,1.0126844754015403,0.3543354383069617,2.0852231476882004,17
-0.883192802687748,-0.9211104081895409,-0.7918662982676206,-0.8108449111543806,0.9886972810035753,-0.07698225073656964,-0.03582591747509882,16
-1.1816812577543425,0.5968812004976685,-0.4565234963063568,0.3765453750464352,-0.37193249004127116,1.0397903030369289,-1.0594101188157468,10
-0.6389749758150798,2.78278911700725,3.0941649950482013,-3.178121428029517,0.48829801029454756,-0.8601904961009045,-0.6807200232838475,7
-0.503298405330264,0.4450820396289476,-0.5748797793515087,-0.19316259227253674,-2.3898860281071697,-1.2254315758440557,0.8420343340037372,9
1.2062263827784139,0.11112388571776151,-0.14090674151928498,-0.46469526977427844,0.10041557628350792,-0.05008409071046995,1.4790896492132968,8
0.8806026136148561,-0.9211104081895409,0.13525791891940284,0.25361506087885843,0.5600868434629084,-0.013484350211915885,-1.0819008602484668,21
-0.6661102899120429,-0.6478719186258433,-0.3184411660870129,1.0445719512786038,-0.9646513188614694,0.42953599871365555,-0.2421215199213702,12
-1.0460046872695268,0.7486803613663895,-0.4959755906547408,-1.8791726012189802,-2.3655736833877503,-0.607489750175676,-0.2798480278926559,9
-0.4218924630393746,2.448830963096064,3.0744389478740093,-3.083225680051524,0.49988234214295846,-0.8079655723989403,-0.6810742929538991,7
-0.6389749758150798,-0.7085915829733316,-0.33816721326120486,0.6647158816425075,0.8674901014326405,-0.9650630156776677,0.8255862635473203,4
-0.5304337194272272,0.6879606970189011,0.6678611926225865,-0.9420421869729835,-2.4048215327589375,1.4372314203765921,-0.44102992742942526,3
0.44643758806344586,0.05040422137027313,-0.08172859999670903,0.13282485005154188,0.16743992125959234,0.9935499640082968,1.433635330709824,8
-0.693245604009006,-0.07103510732470363,-0.5946058265257007,0.4269771567782448,-0.7450428035581983,3.8127770270104437,-0.9670810078899493,13
-1.0188693731725638,-1.406867722969448,-0.10145464717090101,-1.458399398111051,0.884691553505032,0.6891500661735626,0.11297103640047426,19
-1.2088165718513058,2.145232641358622,2.995534759177241,-0.5172997995327595,1.0069043521732846,-0.6417043462176824,0.11156732003792202,0
0.5007082162573722,-0.4960727577571223,-0.121180694345093,-0.5023423566558903,0.5366386322692585,0.7657360045727738,2.6848216084684737,20
0.7720613572270035,0.17184355006524987,-0.6143318736998927,-1.0296292687017077,-0.3447108931512896,0.2175740482852569,0.09192667208734212,11
1.5047148378450084,-0.131754771672192,-0.47624954348054876,-0.5061167892471137,0.2268799038714292,0.6507294605285693,-0.2328953072311955,6
-1.1816812577543425,0.29328287876022663,-0.47624954348054876,-0.522714048753778,-2.1271515094915645,-0.7856437359798066,0.07784981912975661,9
-0.2862158925545589,-0.131754771672192,-0.02255045847413307,3.411010760805963,0.8870643648406488,0.035362138381037064,2.5994463810149195,17
0.6363847867421879,-0.22283426819342456,-0.06200255282251704,0.029128174752199084,0.7609564879436801,-0.5731319788053881,1.5638316881239263,8
-0.503298405330264,-1.1943488977532386,-0.21981093021605294,-0.5668709763666943,0.7662986214920285,0.4487810188331897,0.022422733782689157,19
-0.8017868603968585,-0.9818300725370293,-0.3578932604353969,0.4112646765638919,-0.8979250627657508,-1.3663207804591027,-0.04873892533396356,12
-1.1274106295604163,2.600630123964785,2.975808712003049,-0.4640942334496007,1.0381612921850352,-0.7744018892810733,0.03463723486240116,0
0.09367850480292504,0.354002543107715,-0.02255045847413307,0.45644477685652196,0.9041362341914145,0.31671027456460826,0.8450656549422197,17
1.8032032929116029,-0.8603907438420525,0.09580582457101885,0.6909285409922808,0.9297030556991998,-0.07649773462711386,-1.4357168097501085,15
-0.503298405330264,0.7790401935401337,-0.5157016378289327,0.39231614906239076,-0.3571373571312071,-0.7117856134820246,-0.8926179512067159,10
1.8032032929116029,-1.0425497368845176,0.13525791891940284,0.6288158151232418,0.9143464407607031,-0.4496223889631119,-1.4240137813820803,15
1.1248204404875244,0.839759857887622,0.07607977739682686,0.35125649928558333,0.45113122964974134,-0.045580925512711076,-0.16626172834186984,1
-0.3947571489424115,2.7524292848335055,2.916630570480473,-0.38546201449001105,1.0365453010673402,0.029504791720198386,0.2166276649558213,0
-1.0460046872695268,-0.7389514151470757,-0.6932360623966606,-0.6208475713520549,0.9028736337629725,1.4014420310885165,0.2647533028751505,16
-1.07314000136649,2.7220694526597615,2.936356617654665,-0.5168059708784721,0.9833526832020973,-0.7638057196895928,0.34093642645406247,0
-0.9374634308816743,0.08076405354401732,-0.6143318736998927,1.612700904172911,-1.408971753499952,1.2407796018221675,1.3308294962823237,18
-0.5575690335241903,-0.37463342906214553,-0.6537839680482767,-0.15305256224720182,-1.2231886105682015,-0.7518294219697953,-0.9344000386346665,13
0.5278435303543353,-0.3442735968884013,-0.10145464717090101,-0.48066434549328346,0.23571745320818652,0.04407357607630149,0.9762250643584945,8
0.2022197611907776,0.23256321441273825,-0.6537839680482767,1.051338604095712,-0.3224818331453978,1.1864379305764163,-0.7396600114120285,2
0.9891438700027086,-0.7693112473208199,-0.3578932604353969,-0.0015494428766892586,-0.1236473290820451,0.08025666431440844,1.1893479611341957,5
-0.7475162322029323,0.505801703976436,-0.6537839680482767,1.7703373911022764,-0.3727937799563063,1.1873723182889153,-0.782758161258096,2
-0.4218924630393746,-0.040675275150959436,-0.5748797793515087,0.2946800956506799,0.8296111484908395,0.2870043004631797,-1.2004073731739064,14
-0.7475162322029323,-0.8907505760157967,-0.3184411660870129,0.49467137189627236,-1.1334880174945179,-1.076803638486648,-0.18460660490893013,12
-1.0460046872695268,-0.4960727577571223,-0.3578932604353969,1.0806183242730092,-1.07768066903076,-2.4612989386821864,-0.23947012174903923,12
1.4504442096510821,-0.8603907438420525,0.05635373022263488,0.6604159975798399,1.0086898577777443,-0.00491267945584028,-1.4531586506967282,15
0.9348732418087824,-0.5567924221046107,-0.3184411660870129,0.12598580399981615,-0.7690671247197435,0.4855020106345865,0.5395063183376184,5
-1.2359518859482688,0.6272410326714127,-0.5354276850031248,-1.8438375063246955,-2.2473603783231146,-1.1265003356268648,-0.6635695684260006,9
-1.0188693731725638,0.11112388571776151,-0.4565234963063568,0.5298373838538732,0.6639904537304328,0.4970903994516115,-0.9636440927178903,14
-1.100275315463453,0.7486803613663895,-0.5946058265257007,-1.3916305495932764,-0.39104748068536727,-0.22584673719275722,-1.079968051984723,10
-1.1274106295604163,-0.5567924221046107,-0.5551537321773167,0.3555131045272617,0.4293378450178938,0.5618658316341956,-1.1444762269433078,14
0.6363847867421879,0.020044389196528938,-0.20008488304186095,0.009081722570725453,0.5411322506015691,0.825525801247812,2.072271854721117,20
-1.290222514142195,0.4450820396289476,-0.6340579208740846,-1.4354023604768438,-1.6484769457706026,-1.9269624378275163,0.0731318798348866,18
-0.6661102899120429,-1.1639890655794944,-0.8313183926160046,-1.651739250588239,1.0492363272452683,0.5595979426582874,0.08283182526568719,16
-0.31335120665152205,-1.3461480586219596,-0.6537839680482767,-0.05015482725383313,0.9156242630814027,1.9387996825700913,0.24199222034004925,16
-1.0188693731725638,0.5665213683239243,-0.5354276850031248,-0.2536446412364078,-2.2621787377953755,-0.8334344604086229,-0.7853479220068662,9
0.8806026136148561,-0.46571292558337807,-0.2592630245644369,0.019456398835144387,-0.8318971411688473,0.9134908554171854,0.6053608880407934,5
-1.3444931423361215,-0.7085915829733316,-0.7524142039192366,-2.699418749242402,0.8947396522642057,1.0440670983301525,0.002283808277235461,16
-0.3947571489424115,0.4147222074552034,-0.5551537321773167,-1.0275054995181703,-0.4912107493242108,0.5749337307691708,-0.9119543367723867,10
0.7720613572270035,-0.2531941003671688,-0.5551537321773167,-0.3551827151961646,-0.5464267883750107,-0.9687811812349043,-0.24536426185733434,11
-0.7746515462998954,-0.8300309116683083,-0.20008488304186095,-0.529420050972563,0.6156080409138464,0.6566545433355677,0.12354612796543211,19
-0.9917340590756005,-1.0729095690582617,-0.2592630245644369,1.0793879306846101,-1.0952515669245628,-2.148834748842227,-0.21799932630299743,12
1.4775795237480451,0.08076405354401732,-0.6537839680482767,0.07056369914990981,0.47418717161141516,1.0196893494513255,-0.5331303082979832,6
-1.1816812577543425,0.08076405354401732,-0.4959755906547408,0.14366786927538164,-1.410017338931089,-1.1858627274614102,-0.8721339216840192,13
-0.31335120665152205,-0.4960727577571223,-0.6537839680482767,0.6670513037726743,0.5554492667759863,0.44429969082292725,-0.7931790746833111,14
0.2022197611907776,-0.22283426819342456,-0.06200255282251704,3.3047772921277994,0.8697623286806964,0.13080754922272167,-0.2725779459509061,17
0.853467299517893,-0.4049932612358897,-0.16063278869347697,-0.3502184645109661,0.6014429473590285,-0.2584085058846425,3.5489125301934052,20
-0.041998065681890656,0.6879606970189011,-0.5946058265257007,0.28435986788794976,-0.1667830753751425,1.174612904545644,-0.7818217518569129,2
0.6363847867421879,0.05040422137027313,-0.5748797793515087,-1.488320442645193,-0.3826390243070266,-0.23620196087630166,-0.34951813771834944,11
-0.5304337194272272,2.0541531448373895,3.0152608063514332,-0.48268026907649125,0.8497254312657111,-0.947931850632353,0.13207800471231232,0
1.7760679788146398,-0.8603907438420525,0.0366276830484429,0.7189546776465258,0.9655398597601814,-0.49158500302176616,-1.359574496153926,15
1.5047148378450084,0.505801703976436,0.13525791891940284,0.0509632407218584,0.31907508925506484,-0.9364128593755754,0.23374080092787003,1
-1.07314000136649,0.5665213683239243,-0.5157016378289327,0.7418783907471604,-1.1939131792363327,0.47111386962320917,1.2541627048971697,18
-0.503298405330264,0.3843623752814592,-0.6143318736998927,1.8384208183023498,-0.2760565886166516,0.879269123339872,-0.6058912315883623,2
1.5861207801358979,-1.255068562100727,-0.0028244112999410795,0.7577009473477117,0.9296993361988943,0.2999913713557251,-1.504074159812141,15
-1.2088165718513058,0.26292304658648247,-0.5157016378289327,-0.9999911264065433,-2.3939719209665244,-0.82973554988724,0.3092082523643523,9
1.3147676391662664,-0.4353530934096339,-0.5946058265257007,-1.2617064244203764,-0.13966519844594288,-0.46110842905327876,-0.2837671990075495,11
1.2062263827784139,-0.8300309116683083,-0.06200255282251704,0.8481114380765366,1.0388649040195284,-0.45500553407375893,-1.3695005463618113,15
-0.3947571489424115,-0.28355393254091293,-0.5354276850031248,-0.0953193474859344,-0.9016979119741083,-2.500008295797337,-1.1816725601967484,13
0.9891438700027086,-0.8603907438420525,-0.04227650564832505,0.35789202993524794,0.8354936035453034,-0.12021881183412969,-1.4860892338373095,15
-1.3173578282391583,-0.8907505760157967,-0.20008488304186095,-0.2066564112248495,0.9077017579589062,-0.7035082684255509,0.1549170362224978,19
1.640391408329824,-0.4049932612358897,-0.4565234963063568,-0.22144776982953257,0.5850887678259276,-0.3657083220749696,-0.22751636866734015,6
2.21023300436605,-0.37463342906214553,-0.5157016378289327,-0.2594957110145887,0.4313350811008781,1.707432470484888,-0.23709271129563034,6
-0.31335120665152205,2.297031802227343,3.0547129006998173,1.7286750747353898,0.5282797608480381,-0.7787748294966593,-0.5897298945469108,7
-0.9917340590756005,-0.4960727577571223,-0.6537839680482767,0.46327645914906934,0.563833420922518,0.13730755664947544,-0.9915947525939502,14
-0.6661102899120429,-1.285428394274471,-0.7326881567450446,-2.344238467285813,0.8771974333564034,1.450088880537675,0.0517106887781554,16
1.8032032929116029,-0.8603907438420525,0.11553187174521085,0.605117985854525,0.9469543046302377,-0.4126639388186368,-1.3521968677635126,15
1.3419029532632294,-0.16211460384593618,-0.6340579208740846,0.021569309427273493,-0.18832546130242822,-1.1798821628738259,-0.5263416957881976,11
-1.3173578282391583,0.08076405354401732,-0.4959755906547408,0.20553966633275852,-0.5219658984410377,1.3744156012108881,-1.2101983741540867,13
-0.5575690335241903,0.32364271093397085,-0.5551537321773167,1.6253203220079473,-0.4420318318926594,0.1273215001983108,-0.6444440090635126,2
0.8806026136148561,0.14148371789150568,-0.4959755906547408,-1.155219449472361,-0.5276945475561942,-0.11828901615589944,-0.6901610331112484,11
-0.4761630912333009,2.448830963096064,3.0941649950482013,-0.9003636250507553,1.0290886987124381,-0.4958843161586844,0.20535288611782823,0
-0.8017868603968585,0.7486803613663895,-0.5748797793515087,0.30561206475377045,-0.20905475009673058,0.5698870520218796,-0.6111732823446194,2
-0.9917340590756005,-1.4675873873169363,-0.23953697739024493,-0.13448085838583523,0.6183851711360194,-0.8189639817071184,0.02396985559620548,19
-0.9917340590756005,0.6879606970189011,-0.5551537321773167,0.679277727231176,-0.4179774772813331,0.726175163158879,-1.217790454992064,10
1.0976851263905611,-0.10139493949844781,-0.16063278869347697,-0.9420567589466948,0.5709410977843087,-0.01460745719742968,2.305921679330483,20
-1.100275315463453,0.08076405354401732,-0.6340579208740846,0.5050116156953149,0.4322785062023811,0.4525243252506747,-1.2204084608304362,14
-0.4761630912333009,0.8094000257138778,-0.5157016378289327,0.5829285478345466,-0.2558578074145628,0.15341138035417323,-0.6068892946016977,2
1.2062263827784139,-1.255068562100727,-0.04227650564832505,0.11956592123458089,0.43068678364570157,-0.19284785185857428,-0.8875959597967253,21
1.5318501519419714,-0.2531941003671688,-0.4565234963063568,-0.49672215844822604,0.544959526627131,0.9627713038379645,-0.5749820575975855,6
1.233361696875377,-1.2247087299269828,0.13525791891940284,0.771446569454452,1.0396567921442528,0.2892565279614578,-1.4972833811233655,15
-1.3173578282391583,-0.46571292558337807,-0.5946058265257007,0.3793950730605868,0.8310993270727512,0.1865243937261778,-1.054362397732163,14
1.4775795237480451,1.2647975083200407,0.0366276830484429,0.33949700904009167,0.5504047902239614,-0.7978288457391757,-0.04369302155613914,1
0.44643758806344586,-0.22283426819342456,-0.08172859999670903,0.2393188737316054,0.30470567863253034,0.7911171096427689,0.917991164726877,8
0.3921669598695196,0.20220338223899406,-0.10145464717090101,-0.7161778014014407,0.4706018673751895,-1.0416220381470007,2.2538904310605745,20
0.5278435303543353,0.020044389196528938,-0.04227650564832505,2.78052422523642,0.8846639138241865,0.568931741474294,0.3512610550512197,17
0.853467299517893,-0.9514702403632851,-0.06200255282251704,0.12088594201056252,0.6254641034659983,0.048994443251943416,-0.8885535071322775,21
-1.3173578282391583,-0.4049932612358897,-0.4170714019579728,0.8128273421368601,-1.071535293566169,-0.6630378417468512,-0.24293293302795807,12
-0.3404865207484852,2.479190795269808,3.0547129006998173,3.101373939310144,0.5109461028747456,-0.03761758388812341,-0.609900892379528,7
-0.693245604009006,-0.07103510732470363,-0.47624954348054876,-0.020706595126526527,-0.437641217006648,3.72747302186098,-0.6979606354971156,13
-0.2862158925545589,-0.8907505760157967,-0.4565234963063568,0.6096844635954025,-0.9417254265230899,-1.3138347963731616,-0.13745651658401598,12
-0.4218924630393746,0.5665213683239243,-0.5354276850031248,1.6591663328787625,-0.3200452906300143,1.6187466959049766,-0.6656690629715993,2
1.5861207801358979,-1.3157882264482152,0.09580582457101885,0.23823487128188742,0.7367483179652252,0.09950614892561088,-1.0438849495636457,21
-1.2088165718513058,2.114872809184878,3.0547129006998173,-2.5305761211603253,0.45829148906714817,-0.438684506975161,-0.6670635192782114,7
-0.4218924630393746,0.32364271093397085,0.5889570039258185,-1.5123172582568267,-2.56542183186978,1.3061639416301554,-0.3288248830259294,3
-0.4218924630393746,2.175592473532366,3.0744389478740093,-1.1735217401626983,0.39217027961913065,-0.4675053866645251,-0.5412499702232563,7
-0.8289221744938218,0.26292304658648247,-0.5946058265257007,0.73916745430837,-0.2886409641279455,1.1400191970502613,-0.7555797990330144,2
-1.2359518859482688,-0.9211104081895409,-0.6537839680482767,0.011735111428428488,0.9261688758487662,1.1941610490912025,0.16535699852626695,16
0.7177907290330773,-0.040675275150959436,-0.6143318736998927,-0.1468144284782214,-0.2547647731014359,-0.9693036059356424,-0.5025536206819808,11
1.5318501519419714,0.14148371789150568,-0.6537839680482767,-0.3683314514606725,0.1956621562141953,1.3820433550677307,-0.48774765759629046,6
-0.3404865207484852,0.23256321441273825,-0.5354276850031248,0.9183711770476969,-0.18092234612512414,-2.26967753026602,0.44246008445848284,18
0.853467299517893,0.6576008648451569,0.13525791891940284,0.34189151647752647,0.31743125239126757,-0.24616095070822622,-0.20547408358220084,1
0.28362570348166705,-0.28355393254091293,-0.6143318736998927,0.09662965430279088,0.007093649877881456,0.5847849662125572,-0.02156075482545374,11
-0.9103281167847111,0.14148371789150568,-0.4565234963063568,1.0867566653226863,-1.2493603660387664,-0.02328986037252148,-1.285704461936643,13
0.9077379277118193,0.11112388571776151,-0.4565234963063568,-0.6053057413343611,-0.1537267983077107,0.01942376904398377,-0.7101685581882692,11
-0.17767463616670637,0.7183205291926452,-0.5354276850031248,1.3841066431252693,-0.45414523112121574,1.0894971487227036,-0.7569135499423599,2
-0.8560574885907849,-1.406867722969448,-0.7524142039192366,-2.1322175965329317,0.889082204306556,-0.45385585340200707,-0.05921411328414804,16
-0.4761630912333009,0.14148371789150568,-0.47624954348054876,1.939089584739748,-0.11935876633018484,-1.5379586657232107,0.09425242692963606,18
1.8846092352024923,-0.9211104081895409,-0.3973453547837808,0.012568151452374082,-0.9035591319692168,0.5158799635224336,1.6883799443648375,5
-1.0460046872695268,0.4147222074552034,-0.4959755906547408,0.0038498149907512727,-0.371171752787723,0.14199288357885897,-1.0541637566268496,10
1.5589854660389346,-0.9514702403632851,-0.02255045847413307,0.5761152316237143,0.9118349448146011,-0.39933531771224023,-1.4246430284578362,15
1.3147676391662664,0.020044389196528938,-0.21981093021605294,-0.8793065303936884,0.4003801838185207,-1.1225216102808262,1.73202470398649,20
0.41930227396648273,0.47544187180269176,-0.02255045847413307,-0.37749834324007336,0.9963768607798681,0.5599379974717537,-0.28953295103859583,17
-0.31335120665152205,-0.8907505760157967,-0.6735100152224687,0.9736930481403177,0.8748424455430109,0.9136237519429996,0.04764918229635153,16
0.8806026136148561,-1.3461480586219596,-0.06200255282251704,0.04832255533319751,0.7952986513240907,-0.5417414751211105,-1.0295183613897796,21
-0.2862158925545589,0.17184355006524987,-0.4959755906547408,2.2213799484913213,-0.3899068731327868,-1.5384944366488926,1.0963689634067086,18
1.7217973506207134,-1.3765078907957038,0.07607977739682686,0.734683017507986,1.0386134227002617,-0.06991366552174527,-1.3682544148369873,15
-0.36762183484544836,-1.4675873873169363,-0.2789890717386289,0.0365226923919972,1.006745241512721,-0.8872763065271573,0.8907777885803226,4
1.233361696875377,0.991559018756343,0.05635373022263488,0.8465322464491103,0.25009078400895457,-0.27642615091795375,-0.20830428947125793,1
-1.1274106295604163,-0.16211460384593618,-0.5157016378289327,0.4255531494842841,0.7040802448809086,-0.0905464504000785,-0.9812007524284132,14
0.9348732418087824,-0.9818300725370293,-0.02255045847413307,0.8395279233822225,0.8616384214832993,-0.36658370085413905,-1.4324972233198756,15
-0.5304337194272272,-0.16211460384593618,-0.6143318736998927,0.6441084586806128,0.696999172884248,0.15440447817533182,-0.9031826718873613,14
1.0705498122935981,0.991559018756343,0.13525791891940284,0.46327860527139664,0.5718321724341981,-1.0590954915286457,-0.10716707423348443,1
-1.2359518859482688,-0.5567924221046107,-0.5551537321773167,0.6537043622821753,-0.8012129049875368,4.093400763664343,-0.6747413610868436,13
1.3147676391662664,-1.1639890655794944,-0.4170714019579728,0.3559222164793657,-0.6635570319665657,-0.49409239103230945,0.4451502390271135,5
-1.0188693731725638,2.7524292848335055,2.936356617654665,-0.5292138007412245,1.054092134669607,-0.24724238314538824,0.04079096575729557,0
-1.0188693731725638,2.20595230570611,3.0744389478740093,-0.49222648502387584,0.9598217096473352,-0.11576259148137626,0.08607604982193394,0
-1.100275315463453,0.7790401935401337,-0.5946058265257007,-0.8948819757751395,-0.7159264783974536,-1.0843235013129051,1.4764555399104593,18
0.663520100839151,0.020044389196528938,-0.23953697739024493,0.13491930989841394,0.5904703985617086,0.7025012421574801,2.801897694947596,20
0.853467299517893,-0.4049932612358897,-0.06200255282251704,0.11886737416837721,0.4618735766202486,0.247492106173296,1.394623223792671,8
1.1248204404875244,-0.4049932612358897,-0.3578932604353969,-0.4434355595113926,-0.7285839006746742,-0.5715249010015915,1.2413576130961472,5
0.09367850480292504,0.7183205291926452,0.7270393341451624,-1.6671920539388194,-2.440033466604868,1.7308600577950726,-0.35843219526698367,3
1.2604970109723401,-0.7389514151470757,-0.4170714019579728,0.42063223274982225,-0.7653147365790893,0.9338252421520059,0.6622835008886351,5
-0.7475162322029323,-0.5567924221046107,-0.5946058265257007,0.17354529633436988,-1.079773567429205,-1.3528041373372557,-1.208832312454175,13
1.0162791840996719,0.7486803613663895,-0.06200255282251704,0.6880636232298816,0.349239053765341,-0.19099257334788342,-0.2068725906744457,1
-0.503298405330264,0.5361615361501801,0.7270393341451624,-0.9808634095042236,-2.5579330510110885,-0.0891977869771865,-0.20709185604467928,3
-0.31335120665152205,-0.040675275150959436,0.09580582457101885,1.3591579316911455,1.0434479798135008,0.29419437067706505,-0.9527824105249776,17
0.28362570348166705,0.32364271093397085,0.07607977739682686,3.4835385336662106,0.9615163085991871,0.21360660548609486,0.12933845857067985,17
-0.3947571489424115,0.23256321441273825,-0.5354276850031248,1.7580147485134836,-1.4533244960500329,-1.0941861674384739,1.1849183133607,18
2.183097690269087,-0.46571292558337807,-0.5748797793515087,-0.3428418837284177,0.19154799874407008,0.43484315935100665,-0.23640565748986683,6
0.5278435303543353,0.4450820396289476,-0.06200255282251704,1.6195695391478806,0.9624432471334348,0.6612401522168209,1.8180845014794051,17
-0.9645987449786374,0.7183205291926452,-0.5551537321773167,-0.0940696624236237,-0.2015910023505358,1.1824250281164004,-0.9897128710909384,10
1.3690382673601926,-0.4960727577571223,-0.5946058265257007,-0.5288122907875658,0.5059877782103641,1.4858841875758606,-0.19157904450811974,6
-0.23194526436063265,0.23256321441273825,-0.5157016378289327,0.13060530080677793,-0.40982353663415555,1.2065626253990225,-0.6042439666053045,2
1.1248204404875244,-1.0121899047107734,0.13525791891940284,-0.09936382330244801,0.7232486284243802,0.14553147721828988,-0.8037252621556881,21
-1.3444931423361215,0.3843623752814592,-0.4959755906547408,-1.194393400006082,-0.6504500466843477,-2.1329770047000696,1.2681135851516607,18
-0.3947571489424115,0.6879606970189011,0.5297788624032426,-1.4231755491411868,-2.459256846226425,2.8892867925936923,-0.5989964730339811,3
-0.17767463616670637,0.14148371789150568,-0.5946058265257007,0.4778629437971921,-0.2851128409798198,0.4349312513315926,-0.5630812573970122,2
-0.2862158925545589,0.4450820396289476,-0.6143318736998927,1.6769068809722076,-0.2813974723051509,1.6081866687743487,-0.6010449100368602,2
-1.1274106295604163,-1.1336292334057503,-0.18035883586766896,-1.4171820044053425,0.8845322170256817,-0.47586074666962375,0.03150241062132735,19
0.9620085559057455,-0.4353530934096339,-0.10145464717090101,0.10560443466225919,-0.008074407719962307,-0.05335262346899397,1.630667128193018,8
-0.883192802687748,-0.9211104081895409,-0.08172859999670903,-0.3739230117332432,0.8171308835215312,-0.3696105559673922,0.039987653312502494,19
1.830338607008566,-1.2247087299269828,0.11553187174521085,-0.23553997494078918,0.8260109343783748,-0.5545440217792921,-1.0799637352696516,21
-0.3947571489424115,-1.406867722969448,-0.21981093021605294,-1.1306108708622522,0.6706836022721796,-0.8829307049378847,0.08849694992461639,19
-0.9917340590756005,-1.0729095690582617,-0.3578932604353969,0.8265648837977001,-0.8655092342053496,-1.6378722243639188,-0.14015916292427313,12
-0.31335120665152205,0.354002543107715,0.09580582457101885,1.9144868400383137,0.9292386622810344,0.11099019429724427,2.4039469846410975,17
0.6363847867421879,-0.4353530934096339,-0.4959755906547408,-0.5873085642646304,-0.25329563961813184,0.39192788074783563,-0.2779177188563303,11
1.3961735814571559,-0.8907505760157967,0.11553187174521085,0.416224534589538,0.8764380685243922,0.28686961992853877,-1.4666673434081314,15
-0.36762183484544836,0.08076405354401732,-0.4565234963063568,-0.6996528839374849,-2.3261116891176834,-0.8927388240677351,0.4233579799997122,9
-0.31335120665152205,0.20220338223899406,-0.6537839680482767,1.867355802321685,-1.8150760729318876,-1.8769198192048653,0.24481334788555276,18
-0.7475162322029323,2.5702702917910405,2.896904523306281,-0.6139993284770346,0.9107350519853407,-0.8656267783677963,0.38088517250487497,0
1.6946620365237504,-0.7693112473208199,-0.0028244112999410795,0.6434135757737218,0.9459982130252196,-0.3873351587147581,-1.4371269582582173,15
1.830338607008566,1.0522786831038313,0.07607977739682686,0.5986756396859573,0.5059940665677303,-0.805379836135331,-0.08550388556877984,1
0.9620085559057455,-0.4960727577571223,-0.6340579208740846,-1.002621374552583,-0.5479094238464485,-1.16505801751198,-0.6519355229182744,11
0.8806026136148561,1.2647975083200407,0.0366276830484429,0.17866255175907336,0.2865327887053993,-1.2315146858208899,0.09828040665760726,1
1.043414498196635,0.11112388571776151,-0.10145464717090101,0.2570899459850896,0.08001138842682978,0.6703849699689681,1.3418653024142333,8
-0.4218924630393746,0.4147222074552034,0.01690163587425091,3.091969908889246,0.8859512084124714,0.1829170129461283,2.4790583525577596,17
1.5047148378450084,-1.1943488977532386,-0.06200255282251704,-0.2243040715999113,0.5722751072312885,-0.07255882319889237,-0.8400579975609632,21
1.5047148378450084,-0.9818300725370293,-0.2592630245644369,0.0035333840204765984,-0.6453681273122289,1.2191706844464134,1.5479032987224026,5
-1.07314000136649,0.5665213683239243,-0.5551537321773167,-1.1985102414923396,-2.0871712368614297,-0.6674425071816791,0.17975586074805391,9
-1.1545459436573795,-0.617512086452099,-0.37761930760958884,0.8606926706855016,-0.9845622403702119,-0.04014565976050773,-0.21152257117381484,12
-0.6661102899120429,0.4147222074552034,-0.47624954348054876,2.238373029743017,-1.5119009063159894,-1.0612325553189808,1.0555271710055685,18
-0.5847043476211534,-0.9818300725370293,-0.06200255282251704,-0.43308232871889063,0.9749269622367017,0.3517322412325533,0.032240477587606196,19
1.6946620365237504,-0.37463342906214553,-0.5551537321773167,-0.1196493515422717,0.40956687459041036,0.9999737685898809,-0.1296102244827935,6
0.41930227396648273,-0.010315442977215249,-0.14090674151928498,-0.10509576754010325,0.4088590381937116,1.6666306446919545,2.793028455240274,20
1.1519557545844876,-0.37463342906214553,-0.6143318736998927,0.0024232874797447588,-0.22054850661313954,-0.5439165266784941,0.03663133276784121,11
0.2022197611907776,0.29328287876022663,0.6481351454483945,-1.1411786705712614,-2.5463698554420238,0.053212898774774864,-0.4453943902952023,3
-0.6389749758150798,0.08076405354401732,-0.5157016378289327,-1.1204881592036646,-2.276853338693066,-0.8183444887924081,0.09443704598673859,9
1.7760679788146398,-0.040675275150959436,-0.5748797793515087,-0.5250404256674569,0.17755481344495178,-0.458841911605989,-0.661574312399675,6
2.3187742607539024,-0.5264325899308665,-0.47624954348054876,-0.5640835316513928,0.4038350460544733,1.435366433895178,-0.24334405430114928,6
1.2062263827784139,-1.1336292334057503,-0.04227650564832505,0.2889029745535745,0.8407311722204289,0.34845661713472015,-1.4369670935575742,15
0.5007082162573722,-0.07103510732470363,-0.4959755906547408,-0.667862828722501,0.06455212695244397,0.41862054773145907,0.05765549954003537,11
-0.5304337194272272,0.4450820396289476,-0.06200255282251704,3.408956494483119,0.8376953712911933,0.5931581841843233,1.6877831037560391,17
-1.0460046872695268,-1.4372275551431921,-0.7918662982676206,1.0315053662140845,0.9630284558475816,-0.10881955732438527,0.07207885018884347,16
-0.6661102899120429,-1.0729095690582617,-0.4170714019579728,0.3641848287870699,0.9648075388604456,-0.8144311498600715,0.7037746267690643,4
1.2604970109723401,-1.3765078907957038,0.07607977739682686,-0.13764452818972242,0.6983384753799428,-0.30133850351840324,-0.9816076375656995,21
-1.3173578282391583,0.23256321441273825,-0.5551537321773167,-0.6831486716316895,-2.1726304202112057,-0.6617734864690751,-0.48766415666207436,9
-0.5847043476211534,-1.1032694012320061,-0.37761930760958884,0.7077359925072558,1.0888331582275559,-0.6568230752388854,1.960802826789673,4
0.5549788444512984,-0.22283426819342456,-0.16063278869347697,-1.0492796668056406,0.48067437880637365,0.974213377113604,1.6098004709543194,20
0.31076101757863017,-0.131754771672192,-0.21981093021605294,-0.27406634782912176,0.5134157841849452,1.2839473042655112,1.1402042754769017,8
-1.0460046872695268,-1.0121899047107734,-0.18035883586766896,-1.1316706496945446,0.6635681604764982,-0.5706158125008768,0.13769766307681872,19
-0.693245604009006,-1.255068562100727,-0.4367974491321648,0.5828643807458777,1.0892414013328415,-0.047908786301442206,0.5708832927689481,4
-0.693245604009006,0.20220338223899406,-0.5157016378289327,-0.7832200028982962,-2.25538488709382,-0.7490630500236308,0.5622971551391691,9
-0.8289221744938218,-0.7996710794945642,-0.14090674151928498,-1.003356362382122,0.9472715248064422,-0.9880900489487885,0.12959626279165287,19
1.1519557545844876,0.9004795222351104,-0.04227650564832505,0.7428991298422905,0.5426598513972793,-0.9048018920436127,0.1054454752104479,1
-0.36762183484544836,-1.0729095690582617,-0.3578932604353969,0.39892346115682986,1.2539805834997262,-0.11358665111215187,0.9906974555243422,4
-0.2048099502636695,0.4450820396289476,-0.5551537321773167,0.7814086369656172,-0.23528635023962105,1.307216209290235,-0.6186703778072808,2
-0.2048099502636695,0.23256321441273825,-0.5551537321773167,0.24856844831927774,-0.44010372284631244,0.4219603935929944,-0.7263651514343751,2
-1.263087200045232,0.23256321441273825,-0.5354276850031248,-0.15136447558531696,-0.5084557197746488,0.35293882118653946,-0.9944830826185354,10
-1.07314000136649,-0.5264325899308665,-0.33816721326120486,0.4550613411191464,-0.8815957699894316,0.0020676145619478795,-0.05807925485801195,12
0.7720613572270035,-0.07103510732470363,-0.6340579208740846,-0.05344279888778693,-0.13101988599413594,0.14355632148742964,-0.12710386298933662,11
1.8032032929116029,-0.8300309116683083,-0.3578932604353969,0.45567398028682926,-0.1547802986200045,0.773905691017852,0.21428898288699283,5
-0.7746515462998954,-0.7693112473208199,-0.4367974491321648,0.40621818607732463,-1.1672470655862401,-1.9489334872855957,-0.19283840174799358,12
-1.100275315463453,-1.3461480586219596,-0.3973453547837808,0.6700547901563173,1.0143161283765265,-0.24375302661714066,0.8475989966324498,4
1.7217973506207134,-0.9818300725370293,0.13525791891940284,-0.032599420605054406,0.7417661999778306,-0.0013715049417964015,-0.8355512604447541,21
-1.3716284564330845,-1.0425497368845176,-0.33816721326120486,-0.01801480052376144,1.0311094037873316,-0.2578032007566627,1.3692670882947005,4
0.9620085559057455,-1.0729095690582617,-0.06200255282251704,0.6608592781620997,0.8665321206716434,0.1186728092988215,-1.4768580268758673,15
-0.3947571489424115,0.17184355006524987,-0.04227650564832505,1.7089008729380397,0.9963891173975917,0.31580954038439685,0.4328972527554745,17
1.2876323250693031,-1.406867722969448,-0.06200255282251704,0.42965937652515884,0.9469927499420853,-0.4036756349575433,-1.3932622371569188,15
-1.2088165718513058,-1.2247087299269828,-0.37761930760958884,0.335139226928655,1.28183804209854,-0.8188590418894172,1.7893717707764094,4
-1.1816812577543425,-0.7693112473208199,-0.2592630245644369,0.868579512725039,-1.1058756409684585,-2.3046812494736053,-0.12394966809872596,12
1.2062263827784139,0.6576008648451569,0.0366276830484429,0.4867664807710705,0.1727328007224839,-1.085748219445659,0.2696509864603986,1
1.5861207801358979,-0.9818300725370293,0.13525791891940284,-0.13958635542288758,0.8223970009889229,0.378572356481848,-0.8367531436392593,21
1.6132560942328609,-0.4353530934096339,-0.5946058265257007,-0.20899214444430766,0.17871402837582545,1.6504693572584215,-0.7197700611610532,6
-0.4761630912333009,-0.19247443601968037,-0.04227650564832505,0.7075508884720599,1.0124393906351228,0.46689898467208746,1.9272925125620266,17
-0.5304337194272272,-1.2247087299269828,-0.2987151189128209,0.3994819924459084,1.080647142782632,-0.7842379153149228,1.8570445884511981,4
-0.503298405330264,0.7790401935401337,-0.6537839680482767,-0.3347770001681693,-2.274824327257925,-0.9802874583958487,-0.3974294988999895,9
-1.1274106295604163,-1.285428394274471,-0.7918662982676206,-0.14774283115244521,1.0313697499530714,0.10906654368019818,0.1514958085226846,16
1.5318501519419714,-0.5871522542783548,-0.3184411660870129,0.2294239975695636,-0.22462878453099563,0.3910690663054529,1.3518913642820944,5
-0.4218924630393746,2.630989956138529,2.936356617654665,-1.739311266144441,0.508907413106764,-0.46948635287509755,-0.6673471102875816,7
1.9117445492994554,-0.5264325899308665,-0.47624954348054876,-0.3829225118778677,0.46125794881350113,1.1219610433956244,-0.0742602712235951,6
1.3690382673601926,0.14148371789150568,-0.5946058265257007,0.011716093634336979,0.4473399068483753,0.22771137387139168,-0.4521097256026113,6
1.640391408329824,-1.4675873873169363,0.07607977739682686,0.8416926972846499,1.015526966918822,-0.43142347739516096,-1.4997454671842556,15
-0.6389749758150798,-0.8907505760157967,-0.14090674151928498,-0.2523579680511226,0.8739216912111425,0.17421344046944867,0.1274907200793241,19
1.6946620365237504,-0.617512086452099,-0.2789890717386289,0.07764049223927813,-0.4162720937988425,0.10980775273613275,0.9099477141406245,5
1.7489326647176766,-1.3461480586219596,0.07607977739682686,0.680939304360019,0.8781384884829986,-0.5803555390919142,-1.3520586777672607,15
-0.44902777713633774,-1.4372275551431921,-0.3578932604353969,0.2901037595295333,1.148613705201099,-0.6710627310374415,1.242446430441933,4
-0.041998065681890656,0.23256321441273825,-0.06200255282251704,1.4094608515751732,1.039619959887878,0.3708274480296175,2.4924609943552762,17
-0.041998065681890656,0.47544187180269176,0.6678611926225865,-1.4360894248041367,-2.516569749197238,1.007943676695057,-0.39406459658316145,3
1.0976851263905611,0.6576008648451569,0.13525791891940284,0.36951119725216186,0.21080774641399633,-0.33389299059373173,0.10595878814657061,1
-0.6389749758150798,-0.31391376471465715,-0.4959755906547408,1.2000693961153548,-0.6537773046944912,-0.7642970410839719,-1.06423461705523,13
0.6363847867421879,-0.4049932612358897,-0.16063278869347697,-0.09273246282442524,0.5254339422074292,-0.11182971784394552,1.1984515152350725,8
0.9620085559057455,-0.8300309116683083,-0.4170714019579728,0.2996685404195102,-0.8315823488813153,-0.5014345106455825,1.6184307052145872,5
0.2022197611907776,-0.07103510732470363,-0.02255045847413307,3.253704668424438,0.9108035787839683,0.3622168764311136,1.7089206161303572,17
-0.7203809181059692,-0.9818300725370293,-0.121180694345093,-0.942581243678631,0.7098429486364597,0.6706751210623721,0.1089802031225231,19
-0.17767463616670637,0.20220338223899406,0.13525791891940284,1.7072602963052925,0.8592272191580479,0.4489278119832351,-0.08933032661554487,17
1.6132560942328609,-0.9514702403632851,-0.02255045847413307,0.6737964126718868,0.9160684365147451,-0.29391642787317257,-1.4281061547776495,15
-1.0188693731725638,0.23256321441273825,-0.5157016378289327,-1.2145410172437965,-0.3653975717810781,1.6026735706885997,-1.0298906691518674,10
-0.9374634308816743,-0.5567924221046107,-0.33816721326120486,1.312700538146045,-0.9527969616165903,-1.4774635725879623,-0.13563345787246453,12
-0.693245604009006,0.32364271093397085,-0.5551537321773167,1.4849230293071576,-1.7489515359115992,-2.1275978017764294,0.028856392699927118,18
1.8032032929116029,0.839759857887622,0.09580582457101885,0.767413332230823,0.3047922525274501,-1.233850207503648,-0.09687564989160015,1
1.3147676391662664,0.11112388571776151,-0.2592630245644369,0.2260580567207807,0.4381952165751682,-0.6557032834193788,3.0712542945342407,20
0.663520100839151,-0.010315442977215249,-0.5946058265257007,-0.9687891618700887,-0.5378001555814667,0.4992713687591041,0.003635122716438613,11
-0.2862158925545589,2.0541531448373895,2.975808712003049,0.11265920735519712,0.43197835442474214,-0.2020820028630186,-0.6801476967491639,7
0.5007082162573722,-0.22283426819342456,-0.14090674151928498,-0.3875150679584019,0.398178090139351,-1.8666205268159437,2.9041011773695904,20
-1.1274106295604163,-0.8603907438420525,-0.14090674151928498,-0.15635343030431517,0.9199609598036619,-0.639938626993334,0.10611261068299489,19
-0.6661102899120429,0.3843623752814592,-0.5157016378289327,-1.4854608547480597,-0.2834329485326159,-0.22137394356401904,-0.9440742742183507,10
1.043414498196635,-0.9514702403632851,0.07607977739682686,-0.14030479251455152,0.6595465249591741,-0.32759542283428905,-0.9150251413205042,21
-0.4218924630393746,2.78278911700725,2.896904523306281,-0.7029621199027553,1.039933522069093,-0.3088879474330347,0.13694477536454244,0
0.7449260431300404,-0.4960727577571223,-0.5157016378289327,-0.052617045835156535,-0.363588088531257,-0.1829673430906814,-0.5262341535231029,11
-0.6389749758150798,0.32364271093397085,-0.5354276850031248,1.4240645741140998,-0.1226850110739205,1.3663872830987507,-0.5416798598940209,2
-0.36762183484544836,0.354002543107715,-0.6340579208740846,-0.54621900463069,-2.354445341176428,-1.0092125538277512,-0.725009197235858,9
0.8263319854209298,-1.4372275551431921,0.13525791891940284,-0.14182205571485573,0.6488958500906434,-0.4644393088976545,-0.9412046520205434,21
-0.6389749758150798,0.23256321441273825,-0.6537839680482767,-0.06774660378484237,-0.19379634163884066,0.6183686207792726,-1.002458998222962,10
-0.6389749758150798,0.08076405354401732,-0.5551537321773167,-1.250196100946013,-2.2852723156230255,-1.189092476864126,-0.1545780760802073,9
0.8263319854209298,0.08076405354401732,-0.23953697739024493,-0.4357911603826639,0.0533509974647751,0.7965544211946413,1.2975619727217143,8
-0.503298405330264,-0.8603907438420525,-0.7721402510934285,-3.003254692657627,1.0029298571134828,1.688491906732113,-0.04194291481999008,16
-1.3716284564330845,0.05040422137027313,-0.5157016378289327,-0.5163963942613498,-2.2823121357041045,-0.7113699419794728,0.7349784724050086,9
-0.693245604009006,0.6879606970189011,-0.6143318736998927,1.2072715601581132,-0.12487409031804397,0.9798873054467669,-0.7484115922581475,2
-0.9374634308816743,0.7183205291926452,-0.5157016378289327,1.156796080225447,-1.606195627733799,0.12818740725703126,-0.052836175860882705,18
-1.290222514142195,-0.7693112473208199,-0.2987151189128209,0.930871701674716,-1.0114577675016085,-0.9179028917575329,-0.1641247497504656,12
-0.5304337194272272,-0.4049932612358897,-0.5157016378289327,0.7480879673067492,0.6619172029133243,-0.13832339058317128,-0.9112306876562737,14
-1.3444931423361215,2.145232641358622,2.975808712003049,-0.3738619693199259,0.9812639918570455,-1.0412333936758065,0.16763502430928542,0
-1.0460046872695268,2.691709620486017,3.0547129006998173,1.1227150709287042,0.5004516164908599,-0.6397649753796945,-0.6992131978942365,7
-0.44902777713633774,-0.9818300725370293,-0.121180694345093,-1.3487359731022417,0.8313459885301849,0.22329742060821944,0.13765912877343628,19
1.1519557545844876,1.2344376761462965,0.09580582457101885,0.05058447375811125,0.5839427285009638,-0.5039811519584266,0.2016145384720806,1
0.853467299517893,-0.8603907438420525,0.05635373022263488,-0.25518368856279444,0.7208839923573898,-0.5103269186048708,-1.0065866927594433,21
-1.1545459436573795,-1.4372275551431921,-0.2987151189128209,0.5254325071553281,0.9980405099874157,-0.48344369215015337,1.2458704338484712,4
-1.07314000136649,0.20220338223899406,-0.4959755906547408,0.3401179905199772,0.7670444277689733,0.7140920445583867,-0.9522813805458471,14
-0.5575690335241903,2.5399104596172966,2.995534759177241,-0.5306452387376288,0.8659227363278704,-1.1115474070480302,0.27562212278153525,0
0.0665431907059619,0.4147222074552034,-0.6143318736998927,1.2143129540425979,-0.10766720782010063,1.051175703064383,-0.7636405957854596,2
1.3147676391662664,0.505801703976436,-0.04227650564832505,0.19421395663261826,0.5198234254994405,-0.9531233686760694,-0.05346338190091383,1
-1.1816812577543425,2.20595230570611,3.0547129006998173,-1.7419803472910884,0.47527867771946763,-1.0365514521490005,-0.548674309064973,7
-0.6661102899120429,-1.3157882264482152,-0.2987151189128209,0.524435930641117,1.145692868032905,-0.5147859982244548,1.7347602484539453,4
-0.6389749758150798,0.5361615361501801,-0.4959755906547408,-0.4244240462729622,-1.119199854945283,0.811893212876576,0.8625359548861156,18
-1.3173578282391583,2.630989956138529,2.936356617654665,-0.5732721701474048,0.960985646121325,-1.1994653056626927,0.029089142802666314,0
1.640391408329824,-1.4372275551431921,0.09580582457101885,0.17398462135722154,0.771046307509479,-0.20472968394849897,-1.0438506750424246,21
-0.4218924630393746,0.8094000257138778,-0.4565234963063568,0.48893803957032334,-1.1889624691096314,-2.015027027429943,1.703672967948895,18
1.8846092352024923,-0.9211104081895409,0.13525791891940284,0.44015567688903356,0.906413449655269,0.329752817021514,-1.4000974959093269,15
1.8574739211055291,-0.8603907438420525,0.05635373022263488,0.17009358147359585,0.426756309781127,-0.2426506240948365,-0.905727366327232,21
1.0162791840996719,0.020044389196528938,-0.08172859999670903,0.02481234440996314,0.5596490109133699,-0.41429311176969064,2.358814988259989,20
-1.1274106295604163,2.661349788312273,3.0349868535256252,-0.9051035134135231,0.43828404102591517,-0.45249582314835896,-0.6742294820233361,7
2.2373683184630133,-0.10139493949844781,-0.4565234963063568,0.022128927559953056,0.43906266375594705,1.3991435470635973,-0.06403736736675066,6
-1.100275315463453,0.5361615361501801,-0.5946058265257007,-1.194456929164812,-0.22756918532801457,-0.4122260048780917,1.2670593404518216,18
-0.8560574885907849,2.114872809184878,2.995534759177241,1.8018471568345458,0.43182504007901795,-0.39181367981635645,-0.6866016097764608,7
-0.17767463616670637,0.6576008648451569,-0.5157016378289327,0.8709380046857652,-0.32632639800098506,1.405665262697971,-0.5864548312705123,2
-0.8289221744938218,0.7790401935401337,0.5692309567516266,-1.389963282286887,-2.4867602586778736,1.5003098208672248,-0.4934052874832748,3
0.6906554149361142,0.08076405354401732,-0.18035883586766896,-0.23918714838475794,0.8293925927180316,0.09871456875717985,1.7038112767221119,8
-0.8560574885907849,-0.7085915829733316,-0.3578932604353969,0.7789208224299309,0.897537699681096,-0.826810924737193,2.207832470921146,4
1.2062263827784139,-1.1943488977532386,0.0366276830484429,0.20159818666768273,0.5791738554735059,0.11060762975878052,-0.8573210095092262,21
1.9117445492994554,-0.010315442977215249,-0.5748797793515087,-0.41274907189985816,0.23836463302366967,1.919449525970464,-0.4245206741032553,6
-0.36762183484544836,-0.46571292558337807,-0.3184411660870129,1.2301888585188008,-1.162122704852519,-1.349167481955672,-0.21632926341836434,12
0.7991966713239667,-1.1639890655794944,-0.3973453547837808,-0.49124974143645705,-0.15335032651408684,0.2930019287056991,1.063042426065645,5
-1.263087200045232,-1.0425497368845176,-0.10145464717090101,-1.4841872354994998,0.9755006568863545,-0.8867722174017478,0.05290599613062207,19
1.0705498122935981,-1.1336292334057503,-0.06200255282251704,-0.13555550256085347,0.41306189261451326,-0.23278947507913575,-0.9621203717854901,21
-0.693245604009006,0.4450820396289476,-0.5748797793515087,0.7463028404751153,-0.3215181270026993,0.8104276834667412,-0.6543613454439833,2
-1.1274106295604163,-1.1032694012320061,-0.3184411660870129,0.06696441573655434,0.9871704272505335,-0.8064591448740843,1.2478394976440474,4
1.6132560942328609,-1.1943488977532386,0.05635373022263488,0.278551372057553,0.9091390056498507,-0.4959794151946978,-1.4950116492462509,15
1.4233088955541189,-0.3442735968884013,-0.6143318736998927,-0.25885520966612197,0.5925392672372984,0.06859101910369308,-0.40730798775512617,6
-0.3947571489424115,0.4147222074552034,0.5692309567516266,-1.4254748337216316,-2.3279066849474854,0.8670780102694846,-0.4399661272773345,3
-0.8289221744938218,0.5665213683239243,-0.5748797793515087,1.3520715991864778,-0.3173258815754669,1.179157818359411,-0.6844887852903898,2
-1.2359518859482688,-1.1336292334057503,-0.33816721326120486,2.03805564922532,-1.0199998421583945,-2.4495216415919274,-0.0990441191122581,12
-1.100275315463453,2.175592473532366,2.916630570480473,-0.6491276868168477,0.8358890885625162,-0.9491805418784407,0.17493183343286373,0
0.3378963316755933,-0.31391376471465715,-0.5748797793515087,-1.3962084017824887,-0.7131689782478042,0.21463799117600124,-0.22670464433963813,11
-1.290222514142195,0.20220338223899406,-0.5748797793515087,0.02705004709313019,-1.3781456833666186,-2.110981825788318,-0.04860991135849442,18
1.0976851263905611,-0.9818300725370293,0.0366276830484429,-0.25086542660489425,0.4500008036961263,0.3680395875247387,-1.002791420934738,21
0.8263319854209298,-1.1336292334057503,-0.06200255282251704,0.25496489897275354,0.6661205462340455,0.3239028541395133,-0.7947286657116888,21
-0.693245604009006,0.29328287876022663,-0.5551537321773167,-1.9341475270258857,-2.256900347997224,-1.2397790154028037,-0.1506322672754712,9
-0.15053932206974321,0.23256321441273825,0.5889570039258185,-1.2055529407704964,-2.4851003401942293,0.019869343446095655,-0.39876979654828865,3
1.830338607008566,-0.9818300725370293,-0.2789890717386289,-0.24100811152142057,-0.3004032380382248,0.9710884104540835,0.2943198798920248,5
-0.7203809181059692,-1.4372275551431921,-0.3184411660870129,0.4929792115398047,0.8350618654093614,-0.11079841005277669,1.255612113103052,4
1.3419029532632294,-1.4372275551431921,0.09580582457101885,0.6779130178877966,1.010366969017418,-0.4698451136021609,-1.4512504972932725,15
1.9660151774933818,-0.10139493949844781,-0.6340579208740846,-0.5040836907785285,0.18503628504782257,0.030932019213974055,-0.5965249664863952,6
-0.3404865207484852,2.5702702917910405,3.0744389478740093,-0.09811611306646283,0.531446961823853,-0.18944743908892814,-0.5537102299389856,7
1.4504442096510821,-0.5567924221046107,-0.3973453547837808,0.37422296353676315,-0.9315536657145929,0.6511595892708699,0.73747153360676,5
-0.6118396617181167,-0.7996710794945642,-0.2789890717386289,1.3477734300527526,-0.9302038996831566,0.0674578912754704,-0.15284346946519486,12
-0.693245604009006,-0.7996710794945642,-0.14090674151928498,-1.261783170936155,1.02627833227462,0.5742530732970081,0.08350340077762801,19
0.9348732418087824,1.0826385152775755,0.05635373022263488,0.7092126073631116,0.5964281522847578,-0.40311424556294856,0.09273978863386938,1
1.9388798633964186,0.17184355006524987,-0.5946058265257007,-0.41530617271508574,0.5485254010198174,-0.3248264444729393,-0.4299673044418074,6
-0.7475162322029323,-1.4675873873169363,-0.08172859999670903,-0.8667489996384634,1.0256700675969623,0.880095397818826,0.07484022910099769,19
-0.9917340590756005,0.4147222074552034,-0.6537839680482767,-1.1903387783470427,-2.098494510070114,-1.000889673765742,0.6519183880814058,9
-0.8017868603968585,-0.46571292558337807,-0.5551537321773167,0.2944855782110367,-0.35236926347037895,-0.8677926199955766,-0.7502919613102146,13
1.3961735814571559,-1.285428394274471,-0.02255045847413307,0.4682879560281835,0.9591911171931907,0.03968588490441035,-1.3879715855295955,15
1.6946620365237504,-0.9818300725370293,-0.2987151189128209,0.08131741015113671,-0.699628458605055,1.0262105325648125,1.3360226325667806,5
1.8032032929116029,0.991559018756343,-0.0028244112999410795,0.6076501030493751,0.49945892338663783,-0.3174756704374635,0.2311893407483316,1
1.7760679788146398,-0.9211104081895409,-0.4565234963063568,-0.4325792087331688,-0.8595846080535181,0.5055627633627354,0.6532821386325856,5
-0.8560574885907849,0.11112388571776151,-0.4959755906547408,-0.3811781810596492,-1.0832474608465037,1.1092005505632625,0.6852590968058839,18
1.2062263827784139,-0.7085915829733316,0.07607977739682686,0.7622258651343817,0.8494119768310352,0.21280482952205065,-1.4081348128385383,15
-1.1274106295604163,0.08076405354401732,-0.6143318736998927,0.10389464066215502,-0.2084824135024094,-0.270592587636061,-1.0362295826123462,10
0.012272562512035623,0.11112388571776151,0.13525791891940284,-0.178015042335853,0.8408970789939221,0.2586967313220871,0.0901963881899124,17
-0.2048099502636695,0.32364271093397085,-0.02255045847413307,2.555684317738263,0.9052506647224123,0.4493027437223038,-0.021477472710057326,17
1.640391408329824,0.7790401935401337,0.09580582457101885,0.532105274011832,0.1955992879046261,-0.3943833855410967,0.29547225473739963,1
-0.36762183484544836,0.505801703976436,-0.4565234963063568,-1.1573388181206672,-2.088571851627097,-0.8357212545145727,-0.3526575182292624,9
-1.1274106295604163,-1.3157882264482152,-0.7524142039192366,-0.6407463407836111,0.9924065449389373,-0.5918240149319731,-0.03519892607031894,16
-0.9374634308816743,2.327391634401087,3.0152608063514332,0.6912735803638552,0.5106363248417599,-1.010684813177829,-0.6293775884649756,7
-0.6118396617181167,0.14148371789150568,-0.47624954348054876,-1.1581940793708396,-2.3854648976056163,-0.9266626790291663,0.7332431209329155,9
-0.5304337194272272,-0.7389514151470757,-0.2592630245644369,0.31065987047860844,0.9330089686710786,-0.43001091401975144,0.6888421485715339,4
-1.263087200045232,-0.19247443601968037,-0.5551537321773167,0.07286591545158948,-0.29005851485372414,-2.912443719993572,-0.5685857250238112,13
1.8574739211055291,-1.0425497368845176,0.13525791891940284,-0.08301137728575063,0.5400550671511202,0.4398483921380464,-1.0291102037201052,21
0.25649038938470387,0.020044389196528938,-0.5748797793515087,-1.3509036885705012,-0.40036716121422644,-0.07152604043979757,-0.6042086718390627,11
-0.7475162322029323,0.05040422137027313,-0.6340579208740846,-0.9053063160667016,-0.07745848674447088,-1.7397488273971102,1.4870279721810327,18
-0.17767463616670637,0.29328287876022663,-0.6537839680482767,0.160254494647468,-0.3100134337636655,1.1047564926300273,-0.7273247452624804,2
-0.693245604009006,-0.4049932612358897,-0.5354276850031248,0.41817520030263705,0.436475324123351,-0.28724115211468393,-1.0781925513518236,14
-0.5304337194272272,-1.4675873873169363,-0.6735100152224687,-1.5641008647223733,0.9105434162362885,0.13993861465485855,0.13158524582991743,16
0.3921669598695196,-0.4960727577571223,-0.16063278869347697,-0.44307678298800346,0.5467400951953978,-1.4564607597600348,1.5454115544352434,20
-1.1274106295604163,0.11112388571776151,-0.47624954348054876,0.8432722196905627,0.8214897477473004,0.8827981507587409,-1.0996709796275694,14
1.4504442096510821,0.8094000257138778,0.11553187174521085,0.29163881585595886,0.44527636174968577,-0.7594626236302552,0.12153317853673257,1
-1.1274106295604163,-0.7389514151470757,-0.2789890717386289,0.7433276159629276,-1.1461230518367673,-0.9531839087665815,-0.048004156110995094,12
1.5861207801358979,-0.7389514151470757,-0.3973453547837808,-0.461955644208487,-0.48938297340577785,0.3203531567371993,1.6502168944851505,5
-0.6661102899120429,0.5665213683239243,-0.5157016378289327,0.6218910895676649,-1.5191741438155175,-2.297232139134845,-0.21337547346190766,18
-1.1816812577543425,-0.4049932612358897,-0.6143318736998927,1.1031827390865692,-1.3688619699792166,2.6284420067869267,-0.9033577609574113,13
1.5047148378450084,-1.0121899047107734,0.05635373022263488,0.8113498983658675,0.8778377750765268,-0.16761909118155294,-1.5090173937269695,15
1.3147676391662664,0.11112388571776151,-0.20008488304186095,-0.1581356175390367,0.47929498247678887,-0.15009512366021918,0.9624031398733032,8
-0.7203809181059692,-1.1943488977532386,-0.2987151189128209,0.7425417709409889,0.9813417803685642,-0.13742191444939728,2.093104694175134,4
1.043414498196635,0.14148371789150568,-0.2592630245644369,-0.3195343829191416,0.4791924908265482,-0.48142883360295746,1.156957775533828,8
-0.2862158925545589,-1.4675873873169363,-0.37761930760958884,0.5660722237980939,1.183052177825147,-0.8337099090728057,1.0356665837664438,4
-1.290222514142195,0.7183205291926452,-0.4565234963063568,-0.14970631059408288,-2.1783708303100076,-1.1054789382030494,-0.7501077862570513,9
-1.3716284564330845,0.505801703976436,-0.5354276850031248,2.1049891998337436,-0.6907697649079617,-2.3004304506497326,-0.033544781299879416,18
-0.883192802687748,-1.0425497368845176,-0.4170714019579728,0.4224863190203504,-0.8561676366836829,-2.172792815071953,-0.1698793713066827,12
1.0976851263905611,-0.5567924221046107,-0.20008488304186095,-0.14021205837189366,0.4089474532076114,-0.4336061259951419,1.459296539295513,20
1.4775795237480451,-1.0729095690582617,-0.2592630245644369,-0.4101118360582776,-0.13362613604216536,0.34427013585168886,1.244746288995473,5
0.3921669598695196,0.020044389196528938,-0.18035883586766896,-0.3659224173346773,-0.01207371950129502,0.8310152628128932,1.0302012845264903,8
-0.31335120665152205,-0.3442735968884013,-0.5551537321773167,0.7364864533226677,-0.45627172533937854,2.020359501429424,-1.1390798861898221,13
1.2604970109723401,-1.255068562100727,-0.02255045847413307,-0.0633131620012274,0.8179720746665989,0.3719533593697359,-0.8215184844730751,21
-0.6389749758150798,0.5968812004976685,0.6086830511000105,-1.2692692197087565,-2.4953090639017788,1.1252450039355626,-0.37750196437946054,3
-1.3716284564330845,2.114872809184878,3.0941649950482013,-0.7051990940856827,0.9672286794570626,-0.8720025526301413,0.3216496174478773,0
1.043414498196635,-0.040675275150959436,-0.121180694345093,-0.4951973188454309,0.4504986519656206,-0.42461353387231754,1.6953840492117904,8
-1.1545459436573795,-0.7693112473208199,-0.3578932604353969,-0.018355118426215292,1.02888481756926,-0.5850808255203644,0.5761621249059061,4
0.8263319854209298,-0.7085915829733316,-0.33816721326120486,-0.1887223892191309,-0.8744187550873659,0.7071613324494737,0.5763695680573605,5
-0.883192802687748,-1.0121899047107734,-0.4367974491321648,1.1923457282848828,-0.8723346281550606,-1.325542474977241,-0.24503609328899734,12
-1.0188693731725638,0.23256321441273825,-0.47624954348054876,-1.4395899590255588,-0.07753263072931697,1.4763471381794375,-0.983329123782451,10
1.8574739211055291,-0.28355393254091293,-0.6537839680482767,-0.6819298415079036,0.5137262042077249,0.7894106598655669,-0.7784670085175605,6
1.4775795237480451,1.2040778439725524,-0.04227650564832505,-0.11798250952250823,0.32978735069829745,-0.9109972489952762,0.08944581053500159,1
1.3690382673601926,0.6576008648451569,0.0366276830484429,0.19383124986081943,0.4485237503932818,-0.29537919634737453,0.11879452185813302,1
0.9348732418087824,0.14148371789150568,-0.14090674151928498,-0.7558578863367393,0.3996894755299278,0.7205839262527399,2.2410093420101003,20
-0.5304337194272272,0.14148371789150568,-0.6537839680482767,0.29550640196970807,0.608361886853658,0.8271837941782506,-0.9444936136570415,14
-0.7475162322029323,-0.4960727577571223,-0.47624954348054876,0.6239359011387503,-1.2207458986655886,1.938621484734959,-1.2640439764028448,13
1.7217973506207134,-0.4049932612358897,-0.4959755906547408,-0.01430380061420823,0.43637012713710066,0.3577567573103249,-0.14597616275945677,6
-0.4761630912333009,-0.6782317507995874,-0.2789890717386289,1.1263296745052058,-0.9514866056774672,-1.344155454099938,-0.24863908139539662,12
-0.7746515462998954,-1.0729095690582617,-0.2987151189128209,0.9456619734358002,-0.8501092301846536,0.18873626712358132,-0.17330579863640655,12
0.25649038938470387,0.11112388571776151,-0.47624954348054876,-1.3680539604846997,-0.44281535080498874,-0.45019877322645446,-0.516927416052934,11
0.2022197611907776,0.4147222074552034,-0.06200255282251704,2.5821235741341755,0.9117326524954577,0.2919214514858612,-0.7426346799216098,17
1.5861207801358979,-0.5264325899308665,-0.5946058265257007,-0.04111437358222747,0.22966254488011417,1.3420003217362653,-0.7446334079459667,6
-1.1274106295604163,-0.16211460384593618,-0.5551537321773167,0.7984375899628927,0.5775714525411754,-0.12292892939745573,-0.8613816459906851,14
-0.9917340590756005,0.05040422137027313,-0.6537839680482767,0.3399142565678443,-0.724559672057318,2.01320244240249,-0.5457526356359902,13
0.6363847867421879,-0.31391376471465715,-0.4959755906547408,0.06757793501128342,-0.4276612715247681,-0.18976015144499514,-0.0704254242964325,11
1.3419029532632294,-0.4049932612358897,-0.5551537321773167,-0.6217748340218506,0.21728826299784457,1.2236659537769063,-0.3019736631216528,6
0.3378963316755933,0.14148371789150568,-0.5157016378289327,-1.4482103712725474,-0.7243511376104989,-0.3436261315487504,-0.7226297506578703,11
-1.263087200045232,0.47544187180269176,-0.5748797793515087,-1.2519195179005966,-1.0645916648500788,-1.4040562820186633,0.8296490287375474,18
1.2604970109723401,-0.9514702403632851,0.0366276830484429,0.12815268070834027,0.6612538429409783,0.3780816097502954,-0.8089348331340953,21
-0.8017868603968585,0.8094000257138778,-0.5551537321773167,0.5113802809558693,-0.14123368860415403,1.120004514402593,-0.7116198739194747,2
-1.0188693731725638,-0.7085915829733316,-0.21981093021605294,-0.9341853433919599,0.9069194282989981,-0.2511678398012415,0.062152797434437974,19
-0.9103281167847111,-1.285428394274471,-0.3184411660870129,0.6164144039382761,0.9867788565752833,-1.0894284789656727,0.9697419356537144,4
-1.2088165718513058,-0.4960727577571223,-0.6143318736998927,0.48773338763633517,0.40105494696621474,0.36633349403848947,-1.1878937433115715,14
-1.2088165718513058,0.17184355006524987,-0.5354276850031248,0.19301632980364364,-0.23689356674856923,-0.4273119921653597,-0.9557024776455669,10
1.5318501519419714,0.5361615361501801,0.13525791891940284,0.7503099599806958,0.5634597644561625,-0.4926339069887548,0.25060464715022845,1
0.2022197611907776,0.7790401935401337,-0.6143318736998927,0.32255937256338646,-0.2386375302260805,0.7252385406464898,-0.7481888250592204,2
-1.1816812577543425,-1.1336292334057503,-0.7721402510934285,-1.3250499199414523,0.9260044200619946,1.711328492910644,0.20398281655933437,16
-1.3716284564330845,0.6272410326714127,-0.6143318736998927,-0.4480573127001766,-0.31029225890974016,0.9796828455203535,-1.026547345135462,10
-0.36762183484544836,0.3843623752814592,0.7270393341451624,-0.9209929699631023,-2.3571264858435237,-0.0225801160220153,-0.4616928297870007,3
-0.44902777713633774,0.3843623752814592,-0.6143318736998927,-1.3385574622631422,-2.2509343561534005,-0.746060053634005,0.39349781106212195,9
-1.2359518859482688,-0.9818300725370293,-0.20008488304186095,-0.6252558641260484,0.8495317918799824,-0.4683826797094298,0.1638523162863416,19
-0.5304337194272272,0.505801703976436,0.5692309567516266,-0.9295707255676845,-2.563183476990891,0.02390062106932264,-0.23626805737676781,3
0.9077379277118193,-0.7389514151470757,0.01690163587425091,0.853345980070891,1.0097040395822832,-0.2840238626791285,-1.5108390860486836,15
0.5278435303543353,-0.5264325899308665,-0.121180694345093,-0.7419559241407488,0.4180611474952922,0.6032422717289606,1.7995209004957018,20
0.5278435303543353,-0.19247443601968037,-0.6143318736998927,-0.1962023225275574,-0.04491762326426545,0.162178507985674,0.01293313453606441,11
1.1248204404875244,0.6576008648451569,-0.06200255282251704,0.669958005946112,0.2933921811775162,-1.0208909144113283,-0.23676515461965356,1
-1.3173578282391583,0.7486803613663895,-0.4959755906547408,-0.8448412785678837,-0.22345805867823454,1.0812402233520835,-1.055449237887117,10
-0.2862158925545589,2.3881112987485755,3.0349868535256252,-0.20355196258367975,0.41707769679937307,-0.6410903164309306,-0.6138109249438609,7
0.17508444709381446,0.11112388571776151,0.05635373022263488,2.6400305755809708,0.9010930310749687,0.6620169073612927,0.04424693344579457,17
-1.3444931423361215,-1.3765078907957038,-0.4367974491321648,0.3749258382881744,1.0223708232379431,-1.1632686694291368,0.9680716550416261,4
1.8574739211055291,-0.7085915829733316,0.01690163587425091,-0.04951078775690524,0.4059216507082255,0.5480878446280453,-1.0137115137466708,21
-0.5304337194272272,-1.285428394274471,-0.06200255282251704,-0.1515802376670808,0.6945440149095807,-0.5608930256930083,0.07624984975190365,19
0.7177907290330773,-0.5264325899308665,-0.4959755906547408,-0.1762643479695961,-0.6591617718579037,0.2233460153740619,-0.27280452056091836,11
-1.3173578282391583,-0.5264325899308665,-0.33816721326120486,1.0421182522122447,-0.9633082443390316,-0.9476966321972781,-0.2123863816563945,12
-1.263087200045232,-0.22283426819342456,-0.6537839680482767,1.063874230620761,-0.4046258157716567,-3.791597152799725,-0.7217504320508059,13
1.6132560942328609,0.7486803613663895,0.0366276830484429,0.06455942774026781,0.33589456278781654,-0.7129155564011473,-0.09520555135568794,1
-0.36762183484544836,0.7183205291926452,-0.6143318736998927,2.087113028622724,-1.7720379943867028,-1.0940398199713774,1.5936533391286194,18
1.7217973506207134,-0.7085915829733316,0.05635373022263488,0.7166229708675804,0.8374249306216072,-0.5167603009002698,-1.4099830666363913,15
-0.2862158925545589,-0.07103510732470363,-0.6143318736998927,0.6008068061003057,0.6601802730400713,0.4939195657591465,-0.9719747665604066,14
-0.6118396617181167,0.17184355006524987,-0.5157016378289327,1.042871482081566,-0.8358272302884896,0.7381046667230329,1.2285211190664918,18
-1.263087200045232,2.448830963096064,2.995534759177241,0.5845483622104661,0.42827128806982584,-0.8090920162599478,-0.5476703815981312,7
0.7177907290330773,-0.07103510732470363,-0.08172859999670903,-0.4634000219442814,0.5066256309854431,0.8307112712845134,1.141650262251364,8
-0.7203809181059692,2.691709620486017,3.0349868535256252,-0.6047756825911321,0.9007878196994488,-0.9743860018932915,-0.029177899785850975,0
1.043414498196635,-0.8603907438420525,0.11553187174521085,-0.18029787462440158,0.6353864745849119,-0.15416651402593304,-0.9905540830280744,21
1.5318501519419714,-1.285428394274471,0.11553187174521085,0.586957465248647,0.8942698050754058,-0.48503317760921494,-1.3462270299856463,15
-0.36762183484544836,2.20595230570611,2.916630570480473,-0.39564188782145054,0.8780990379857335,-1.1204402236564435,0.06768703096892019,0
1.9388798633964186,-0.4049932612358897,-0.6143318736998927,-0.12699561096349724,0.4444551140399916,0.4862014289325722,-0.4258441892757387,6
0.012272562512035623,0.5665213683239243,0.5297788624032426,-1.3232879751687925,-2.533042579667724,0.80503182426026,-0.4245458258987178,3
-1.07314000136649,-0.22283426819342456,-0.47624954348054876,0.4023276423614308,0.825596384060079,-0.018616795470877887,-0.8535572737873447,14
-0.9917340590756005,-0.9514702403632851,-0.7721402510934285,-1.6460094662553484,0.8853607506461134,0.08857671065015711,0.16475004823334277,16
1.8032032929116029,-0.7085915829733316,0.0366276830484429,-0.1394329490237914,0.7089258599316278,0.3462484969241057,-1.0342420856503556,21
1.5861207801358979,1.1433581796250638,0.09580582457101885,0.7989608165552261,0.542924927187125,-0.5922020294178616,0.12367938553447186,1
0.473572902160409,0.11112388571776151,-0.10145464717090101,0.09436431980242939,0.40239010256700036,-0.9793365446574183,1.4452002727613402,20
-0.7746515462998954,0.26292304658648247,-0.6340579208740846,1.7791416315245807,-0.7673949365990019,-2.100576683060369,1.4087604711083028,18
-0.6118396617181167,0.5665213683239243,0.7073132869709705,-1.3545729040690166,-2.345049059143752,0.0101559593991342,-0.5797241424487573,3
1.1519557545844876,-0.010315442977215249,-0.20008488304186095,0.2600040138866255,0.4712721235749576,0.7602686930671758,3.405566391316209,20
-0.7203809181059692,0.5968812004976685,-0.5551537321773167,-1.1758480422574338,-1.755436813545627,-2.3818305553845702,1.327133764647619,18
1.2062263827784139,-0.9211104081895409,-0.06200255282251704,0.4360832699795511,0.8597377155243571,-0.2651385878756366,-1.4962886307686718,15
-0.0691333797788538,0.11112388571776151,0.11553187174521085,0.6721637983498661,0.843440172061448,0.18372984670002665,0.42482131403173157,17
1.8032032929116029,-0.8907505760157967,0.09580582457101885,0.7014865433575277,0.933681687777144,-0.23030435589172654,-1.494237600680926,15
-1.0460046872695268,0.8094000257138778,-0.5748797793515087,-0.7283031011510126,-0.2783513851730186,-0.6536199097386354,-1.2250484531510593,10
1.3690382673601926,-0.617512086452099,-0.2987151189128209,0.26838469048720864,-0.4219354090044694,0.5553045345011931,0.7168360730936423,5
1.6675267224267871,-0.7693112473208199,0.11553187174521085,-0.14736629300564769,0.6121989413265527,0.3373913272894848,-0.8759292755430451,21
-0.3947571489424115,0.4450820396289476,-0.5551537321773167,-1.6831042042553197,-2.1389819151298295,-0.7782220766458701,-0.3932078637889411,9
0.7991966713239667,-1.1336292334057503,-0.04227650564832505,-0.02074332728995717,0.4483249252564331,0.5956137337766124,-0.999932106503928,21
-1.3173578282391583,-0.7085915829733316,-0.3578932604353969,0.07724899424161542,1.0497755277384366,-0.1823322436105647,1.9296892152685374,4
-0.6661102899120429,-1.3461480586219596,-0.3184411660870129,0.06686986428113673,1.047019953109223,-0.004296720079014453,0.740410146668218,4
1.0162791840996719,-0.5567924221046107,-0.16063278869347697,-0.39968534373762904,0.5464025086786554,-0.7916276195644872,3.416830803999142,20
-0.6389749758150798,0.29328287876022663,-0.5748797793515087,-0.9205310181165947,-2.254931288083059,-1.1641753328527122,0.5409508990692895,9
1.043414498196635,1.1433581796250638,0.13525791891940284,-0.10355232164740506,0.3970895030646111,-0.25318104076543324,-0.16592351429808813,1
2.4273155171417553,-0.2531941003671688,-0.6537839680482767,-0.015472183080863719,0.3874325650948956,-0.8591626784286506,-0.07377665471154045,6
0.9348732418087824,-0.9514702403632851,0.09580582457101885,0.0700803805882674,0.8239918661529816,0.4797048618206196,-0.8001202790328172,21
-0.5575690335241903,0.29328287876022663,-0.6340579208740846,-0.39463910921060563,-2.222782635921065,-1.210528157660503,-0.05190748186940726,9
-1.2359518859482688,-1.2247087299269828,-0.21981093021605294,-0.6429806588940433,0.8247222040674612,-1.054297609860564,-0.0024243323727292385,19
-0.883192802687748,-1.3461480586219596,-0.16063278869347697,-1.2134802441071233,0.7903436932901003,-1.081188499763362,0.049276859629995486,19
1.5589854660389346,-0.617512086452099,-0.33816721326120486,-0.3773510168645984,-0.20902202926869584,1.174860438643656,0.7495145283880702,5
-0.9103281167847111,0.32364271093397085,-0.6143318736998927,-0.9031979654922886,-2.0865925023674285,-1.0358375817193828,0.3848929765192224,9
-1.3716284564330845,-0.9818300725370293,-0.3184411660870129,2.0258502951750974,-0.7702584526085957,-0.05579439903178853,-0.20471059980049203,12
-0.9103281167847111,0.14148371789150568,-0.5551537321773167,0.48376728269424185,0.6509458932011996,-0.05676576565881433,-1.16800282993038,14
-0.9103281167847111,0.17184355006524987,-0.6143318736998927,-1.4161865678955596,-2.154412805593738,-1.0011547274178636,0.5371068090023553,9
0.9620085559057455,-0.4049932612358897,-0.2987151189128209,0.10423021149953464,-0.8598912291129195,1.22402160493955,0.5975442978204676,5
-0.7746515462998954,-1.1032694012320061,-0.4367974491321648,0.6081544102935951,-1.0639074904911716,-2.1957167040274546,-0.06928600341605172,12
1.830338607008566,-0.4049932612358897,-0.2592630245644369,0.1458837248270398,-0.5795982398199216,1.2595901410862473,0.3293566982164617,5
-1.1274106295604163,0.17184355006524987,-0.4565234963063568,0.9418925084286426,-0.505231015369005,1.5648333323588683,-1.2382754703817629,13
1.3690382673601926,-1.285428394274471,0.05635373022263488,-0.020090772215905116,0.5758442167138004,0.40635728765844326,-1.0776270313011265,21
-0.2590805784575958,0.47544187180269176,0.6678611926225865,-1.0997585923475484,-2.4594861232287792,0.30873057420482725,-0.6270536940373856,3
-0.6389749758150798,-1.3765078907957038,-0.3578932604353969,0.16471812390587479,1.206878674545822,-0.5943851990454742,2.1422458296746107,4
-0.5847043476211534,-0.8603907438420525,-0.2592630245644369,0.5410783926031867,0.9081386086681099,-1.1888579122676495,1.0418742372208736,4
1.2876323250693031,-0.8300309116683083,0.07607977739682686,0.3405380201310772,0.8656010424255897,-0.4134243645995678,-1.3598498564470909,15
-1.2359518859482688,-0.8907505760157967,-0.16063278869347697,-0.18057969395761853,1.008037962037119,-0.22465825017868324,0.02222667175638277,19
-0.503298405330264,2.023793312663645,3.0744389478740093,-2.9985388054243725,0.5400085583576801,-0.42764050264110826,-0.6559080843700383,7
-0.9103281167847111,-0.040675275150959436,-0.6143318736998927,0.44775598797083144,0.6749743500340563,-0.13902122281174836,-1.0696751344726878,14
-0.7746515462998954,2.4184711309223195,3.0152608063514332,-0.35232878006710605,0.3908215946446324,-0.6012686547144203,-0.6580499168103249,7
-0.883192802687748,-1.255068562100727,-0.2592630245644369,0.1043872446484721,1.1209701086665005,-0.1725385102068664,0.5072522842442975,4
-0.8289221744938218,-0.9211104081895409,-0.7326881567450446,1.2291295817609975,0.8397694001281003,-0.0844303266822382,0.11812062355622656,16
-0.44902777713633774,0.20220338223899406,-0.6340579208740846,1.1317150239248286,-0.32175095515139307,1.0838460025781345,-0.7202085933566748,2
-0.8017868603968585,-1.4372275551431921,-0.14090674151928498,-0.1431334683744922,0.8072056557725091,0.7829684622423724,0.0680935937895412,19
1.9117445492994554,-0.2531941003671688,-0.5157016378289327,-0.6202056917598917,0.44400770057844113,-0.03836813313056872,-0.7134134432026494,6
-0.36762183484544836,-0.7085915829733316,-0.2789890717386289,0.3799357679073134,-0.7982791355410325,0.41369209500647625,-0.07453132789807695,12
0.22935507528774074,0.26292304658648247,0.01690163587425091,3.495050026678797,0.9847654046382218,0.5972235405903333,0.20602221341645874,17
0.5549788444512984,-0.040675275150959436,-0.10145464717090101,0.1705254127885768,0.11425100897739415,0.33074513457825383,1.3969438965087602,8
-1.1816812577543425,-0.6782317507995874,-0.4170714019579728,1.126069930698167,-1.0695444962367617,0.06421425163366631,-0.15966939212985315,12
1.2876323250693031,-0.5567924221046107,-0.5946058265257007,-0.3567580890885513,0.15319650225633788,-0.28226504579387135,-0.2126020038660785,11
-0.7746515462998954,2.7524292848335055,2.916630570480473,-0.7280072335766896,0.910041575957534,0.03243216120451192,0.2478225504794939,0
-1.290222514142195,2.448830963096064,2.975808712003049,-1.0485889836041853,0.4447056790647343,-0.8385642277388017,-0.5890733169459972,7
1.3419029532632294,0.14148371789150568,-0.14090674151928498,-0.479505939542071,0.739221686900712,0.23617333766234222,1.0398922280093348,8
1.2876323250693031,-0.7996710794945642,-0.4170714019579728,-0.17633024376964399,-0.9035147305184967,0.9760064783832352,1.713305543375981,5
-0.8560574885907849,2.023793312663645,2.896904523306281,-1.3526649363456342,0.4356700116777894,-0.6925220764491147,-0.5437458566069776,7
-0.5847043476211534,0.4147222074552034,-0.5354276850031248,0.8234812879836585,-0.3604512123698212,0.18835324413188245,-0.7353965910011172,2
0.25649038938470387,0.4450820396289476,0.6875872397967785,-1.2775840654836372,-2.3785947856997285,0.1878133892690298,-0.3259925353317159,3
-0.6661102899120429,-0.4960727577571223,-0.3578932604353969,1.9276616802384334,-0.985752237140367,-0.3928859981010532,-0.10988324059373747,12
-0.8289221744938218,-1.3765078907957038,-0.7129621095708526,-0.06110856866948915,1.05714783009933,1.0044929604954251,0.26414237273536345,16
-0.7746515462998954,0.20220338223899406,0.7270393341451624,-1.332981858114738,-2.5444364569385134,1.7088783528111198,-0.1576967746657132,3
-1.1816812577543425,0.7183205291926452,-0.5946058265257007,-0.9943602389345534,-0.48791022053666094,0.23253136345701664,1.594083660980195,18
1.8032032929116029,-0.5871522542783548,-0.4565234963063568,-0.1517933456452699,-0.6576233797973965,0.9435583639515953,0.3812852198723582,5
-1.1545459436573795,-0.9211104081895409,-0.20008488304186095,-1.2420626320415884,0.7075695137292825,0.6788434487491158,0.036834850640716524,19
-0.5847043476211534,0.5665213683239243,-0.47624954348054876,-0.4794936672664132,-1.5595544398368648,0.6239002689811389,1.075750724644095,18
1.2604970109723401,-0.8603907438420525,0.0366276830484429,0.12023218786449395,0.42580123278934884,-0.4852907146715341,-0.9888873659068418,21
-0.4761630912333009,-1.1639890655794944,-0.8115923454418126,-1.9247216947586292,0.9098376602456748,1.5035670621396753,0.11469437921214934,16
1.8032032929116029,0.8701196900613662,-0.06200255282251704,-0.06211823849881657,0.3535190915212687,-1.0974256350281408,0.035841089427121504,1
-0.6389749758150798,0.5361615361501801,-0.47624954348054876,1.152757014999902,-1.0433657300580774,0.7549066955486324,1.1269035363123068,18
-0.6118396617181167,-1.3157882264482152,-0.3578932604353969,0.8386955882314819,0.8857875423180399,-0.21465535866068608,1.6246118257502804,4
1.2062263827784139,-1.2247087299269828,-0.04227650564832505,0.8331086490131332,1.0032265425951823,-0.4441636756904621,-1.4582375637391565,15
-1.2088165718513058,2.175592473532366,3.0744389478740093,0.4549464586002856,0.5169976337977726,-0.9453719844122719,-0.6099035558574815,7
1.0162791840996719,-0.7389514151470757,0.05635373022263488,-0.1753430117476953,0.7869502564579852,-0.4828959439740876,-1.0002694569136645,21
-0.7203809181059692,-0.28355393254091293,-0.6143318736998927,0.8368463395963286,0.38691039484006007,0.2458921899453755,-0.9601601536906822,14
-1.1274106295604163,0.47544187180269176,-0.5551537321773167,-1.241076240748294,-2.1303795535909646,-1.1266829698590348,0.4709850948068884,9
-0.3947571489424115,-0.31391376471465715,-0.5354276850031248,0.5421980856578845,0.6034972935969746,0.8512769368214578,-0.9189531679584572,14
-0.36762183484544836,-0.9211104081895409,-0.3973453547837808,0.0006959090589931048,1.0279523426586983,-0.9370524501649556,2.198539546684553,4
-0.8289221744938218,-1.0121899047107734,-0.7524142039192366,-2.705903876095309,0.9996716561047265,0.6425592862586035,0.04744819821080745,16
-0.9103281167847111,2.509550627443552,2.916630570480473,-0.3420969942023792,0.8567029862242376,-0.7555848844216577,-0.007217210292336509,0
-0.9645987449786374,-0.7693112473208199,-0.3184411660870129,0.6366108641636743,1.2672125808056094,-0.32597220722122894,2.200012750300247,4
-0.3947571489424115,-1.0425497368845176,-0.3184411660870129,0.29488491053965465,-0.9296709009011795,-1.9549772341356773,-0.20152433185514046,12
-0.5304337194272272,2.327391634401087,2.956082664828857,-0.749786392075261,0.9570453767495489,-1.1735977306296228,0.3020732363845812,0
-0.9103281167847111,-1.0729095690582617,-0.10145464717090101,-0.22077983355582895,0.8718540400714394,-0.8055812656730944,-0.004632043283627544,19
1.3147676391662664,-1.4372275551431921,-0.04227650564832505,0.5917276985997724,1.0238510896323605,-0.09890793631093432,-1.3544911865448368,15
-1.100275315463453,0.05040422137027313,-0.4959755906547408,-0.8704352049439165,-2.3247382372544285,-0.9521488248021142,0.6137708446891552,9
1.5318501519419714,0.5665213683239243,-0.06200255282251704,0.5001016619049986,0.45467813436639765,-0.8722898917067691,-0.21911905003360732,1
1.1248204404875244,0.9611991865825987,0.05635373022263488,0.71112985657333,0.4339076334189225,-0.936145613065502,0.09840585186728748,1
-0.2862158925545589,-1.3461480586219596,-0.14090674151928498,-0.2425199700375148,0.6278458115231064,-0.8825841411101099,0.04868851712199509,19
1.2604970109723401,-0.9514702403632851,-0.4367974491321648,-0.3945190563089637,-0.5265335601947583,-0.5103517951202199,1.48617115007672,5
1.6675267224267871,-0.131754771672192,-0.4565234963063568,0.01578800240716916,0.29133984351462905,-0.0047183131627610685,-0.677689379355877,6
1.3147676391662664,-0.46571292558337807,-0.5354276850031248,-0.5367471587131666,0.008101757471299938,-0.15497810012297836,-0.6497957984508078,11
0.6363847867421879,-0.4353530934096339,-0.20008488304186095,-0.46629413878385095,0.5914951206713972,1.6706356091427592,2.3572362968751013,20
-1.3173578282391583,0.6576008648451569,-0.5157016378289327,-0.3380025413005113,-0.432286644569348,0.2359631017359824,-0.9257380052524452,10
-0.4761630912333009,2.023793312663645,3.0941649950482013,1.8728704428135556,0.4872004892359702,-1.1786948354016373,-0.6136459120893889,7
0.5821141585482615,-0.07103510732470363,-0.16063278869347697,-0.4730475269898405,0.12044301804183168,1.2112465501511043,1.7466414319020198,8
0.9348732418087824,-0.7996710794945642,-0.06200255282251704,0.0909574884320917,0.7772028917567042,-0.008600006051623022,-0.8304394563690044,21
1.3147676391662664,-1.0425497368845176,-0.2987151189128209,0.379419759374111,-0.7138221826599314,-0.25551840520032754,0.49450005455915375,5
-0.5847043476211534,0.020044389196528938,-0.6340579208740846,0.4274339205216952,-0.7527200910268799,2.1443769054892714,-1.2987494779327329,13
0.25649038938470387,0.14148371789150568,0.05635373022263488,3.241378847999465,0.9654659653881497,0.46863372701589956,1.133014150986885,17
1.0705498122935981,0.17184355006524987,-0.2592630245644369,-0.26739389993758733,0.8282017900935554,0.7973736490302831,1.3045934617526387,8
-0.503298405330264,2.78278911700725,3.0547129006998173,-0.35024569466856936,0.8721839770328768,-0.08557587616676512,0.1117756581092379,0
1.233361696875377,-1.0729095690582617,0.0366276830484429,-0.05480775040827353,0.578624773275905,0.5496477170730195,-1.126278525768075,21
-0.5304337194272272,-1.2247087299269828,-0.2987151189128209,0.8053105664055058,1.0682836777549622,-0.1677587955463476,0.8157736455232347,4
-0.883192802687748,0.6272410326714127,-0.6537839680482767,-0.1389717178018453,-2.206183775671067,-0.9775196153128441,0.7825298191495262,9
-0.503298405330264,2.5399104596172966,3.0744389478740093,-0.5413235086167498,0.9747397054865607,-0.8296580227635061,0.2597101584335655,0
-0.7475162322029323,-0.9211104081895409,-0.4170714019579728,1.7946155909159012,-0.8974201930134829,-1.676331884094765,-0.11166506387183679,12
-1.07314000136649,2.0845129770111335,2.896904523306281,-2.65164283130019,0.5455280409129906,-1.0556273209033578,-0.6151731808697356,7
1.3690382673601926,-1.2247087299269828,0.11553187174521085,-0.035519409047726616,0.516198228107253,0.45353982981404867,-0.8569065761230763,21
-0.7475162322029323,0.5665213683239243,0.7073132869709705,-1.297281020659638,-2.4370996827921587,0.5700925233548717,-0.42789918502259394,3
1.5318501519419714,-0.31391376471465715,-0.5946058265257007,-0.6266433440242136,0.45424351939787233,0.3464248315746428,-0.6895035902392411,6
-0.44902777713633774,-0.5567924221046107,-0.5354276850031248,0.5583542264559735,0.5054943919944047,0.26887978219100384,-0.8233346082832775,14
1.5318501519419714,-0.9514702403632851,0.11553187174521085,0.4699236320201301,0.8722908943721948,0.19981816217051562,-1.4884891427943072,15
0.6906554149361142,-0.4049932612358897,-0.10145464717090101,-0.08898608536810323,0.5252811163126808,-1.7925069028392837,2.3270231257068077,20
-1.3444931423361215,-0.7996710794945642,-0.23953697739024493,-0.31963866280613656,0.9843366389599167,-1.0073647867987483,0.02800611878972311,19
-0.31335120665152205,0.5361615361501801,0.7073132869709705,-1.0490108541550798,-2.47015268936494,2.128800393673414,-0.38067186766015915,3
0.9077379277118193,-0.4049932612358897,-0.10145464717090101,-0.11770862887298304,0.7593679932937222,0.9634388219637995,1.1998694702819228,8
-0.9374634308816743,-0.7389514151470757,-0.6932360623966606,1.321151875332027,0.99940677650337,-0.35363766344163433,0.25778161886480316,16
-0.2862158925545589,-1.1336292334057503,-0.2592630245644369,1.2372993221016746,-1.0052868965122925,0.013181440429713986,-0.2520668221837219,12
0.8806026136148561,-0.9818300725370293,-0.3973453547837808,-0.008254891829075748,-0.4904405092748913,1.2681792700990604,1.578372968110733,5
-0.3947571489424115,-0.46571292558337807,-0.6537839680482767,0.5422856120082893,0.7264516174130327,-0.19560019053845482,-0.8268249418039265,14
-0.7746515462998954,2.114872809184878,3.0941649950482013,1.3460261005700338,0.5597561419499902,-0.7374671088600054,-0.6313962406431659,7
-0.3947571489424115,0.020044389196528938,-0.04227650564832505,3.334962051779745,1.0562778823009642,0.24141662261071495,2.018277019492428,17
-1.1545459436573795,-0.9211104081895409,-0.08172859999670903,-1.4048802599288273,0.8203298329128688,0.8390175550840228,0.0913884341779245,19
0.7991966713239667,-0.8300309116683083,0.13525791891940284,-0.21165561613911069,0.7889071423601057,-0.4261840299174545,-0.988329897224589,21
0.7177907290330773,-0.5264325899308665,-0.21981093021605294,0.2510450380445162,0.4509002040108512,-0.43125044386331857,1.6575128341540672,20
-0.7475162322029323,0.26292304658648247,0.7270393341451624,-1.3064099575765578,-2.3300476450363594,2.5748686290947487,-0.4136406071278073,3
-1.1816812577543425,-1.1032694012320061,-0.7524142039192366,-3.0410152129332975,0.8891984282531569,-0.010110188040294447,0.05294871764034805,16
-1.3716284564330845,0.354002543107715,-0.6537839680482767,-0.42286993868081185,-2.163675546566322,-1.0578835352846387,-0.13840436804493142,9
1.3147676391662664,-0.10139493949844781,-0.6537839680482767,-1.4692685527732146,-0.014469842249508763,-1.150020106516979,-0.2796452219539955,11
1.640391408329824,-1.4675873873169363,0.0366276830484429,0.3906516677771876,0.9149776648789312,-0.09442193054524427,-1.4298514542298515,15
1.4233088955541189,-0.617512086452099,-0.4565234963063568,0.29389959427644446,-0.7033617136540953,0.5583625899749719,0.655723920198701,5
1.4775795237480451,0.20220338223899406,-0.4959755906547408,-0.4086877165359014,0.26040065208606666,-0.3399169971371259,-0.2894218209088125,6
-0.7203809181059692,-0.2531941003671688,-0.5748797793515087,0.24593972608590234,-1.0142596147797645,-0.6659004888722854,-1.2497763951049485,13
-0.8289221744938218,2.0845129770111335,3.0744389478740093,-2.7194249035471096,0.42409450696456324,0.017290263055074324,-0.6981459924993152,7
-0.8289221744938218,-1.0425497368845176,-0.2592630245644369,1.686928665813823,-0.9335854192991448,-0.4595963672786412,-0.09903616105557989,12
0.5007082162573722,0.11112388571776151,-0.2592630245644369,-0.256338207866783,0.3199465221598892,-0.3665274170996458,1.50576027647227,8
-0.2862158925545589,-0.7389514151470757,-0.121180694345093,-0.1923874837689936,0.7900956113741304,0.8048659791218924,0.13176473546830206,19
-0.4761630912333009,-0.4960727577571223,-0.5748797793515087,0.45627281142159276,0.6795914369208644,0.9058725400780514,-1.0908012757260426,14
-0.4761630912333009,0.23256321441273825,-0.47624954348054876,-1.09536730710077,-1.009122908986369,-2.434506382528613,0.34568699576396117,18
-0.6118396617181167,-0.9211104081895409,-0.3973453547837808,0.8680580798184306,-0.9570785536163388,-1.0188103514703313,-0.1339494780745149,12
1.3419029532632294,-0.4049932612358897,-0.2592630245644369,0.38492548459818393,-0.7634659837563992,0.6154729739601471,1.3526477625539899,5
0.9348732418087824,-0.46571292558337807,-0.14090674151928498,-0.7919568294835678,0.5105214585015471,-0.2870499336968771,3.1504754436748237,20
-1.0188693731725638,0.32364271093397085,-0.5551537321773167,-1.274842360738783,-0.3969334419917783,0.14908139426950515,-1.2183664576101623,10
-0.9374634308816743,0.05040422137027313,-0.5748797793515087,-1.194399344174253,-1.0875611972303045,-0.07698752358728166,1.6185977078105964,18
0.853467299517893,-0.16211460384593618,-0.23953697739024493,0.03624985133200305,0.4647592255646716,-0.15548263237728074,1.6332332636031295,8
1.0705498122935981,-0.10139493949844781,-0.08172859999670903,0.2573432573319046,0.09292232394345931,-0.2814843931583894,1.2372457637342529,8
-1.3444931423361215,2.3881112987485755,2.995534759177241,-1.8371754543284713,0.5174500031511605,-1.0894133538400166,-0.670770844490584,7
